ID,DATE,TO USER ACCOUNT,TO USER ACCOUNT ID,TO ETH ADDRESS,FROM USER ACCOUNT,FROM USER ACCOUNT ID,FROM ETH ADDRESS,REASON,SOURCE ID,SOURCE NAME,SCORE 1,SCORE 2,SCORE 3,DUPLICATE ID 1,DUPLICATE ID 2,DUPLICATE ID 3,DISMISSED 1,DISMISSED 2,DISMISSED 3,QUANTIFIER 1 USERNAME,QUANTIFIER 1 ETH ADDRESS,QUANTIFIER 2 USERNAME,QUANTIFIER 2 ETH ADDRESS,QUANTIFIER 3 USERNAME,QUANTIFIER 3 ETH ADDRESS,AVG SCORE,PERCENTAGE,TOKEN TO RECEIVE
672871869137e76593237480,2024-11-04T07:02:30.726000Z,forestkeeperio,667c90a44ed52c91f5a8e1c2,0x1019236722517506732D92DAc0f7b9B4ed993D8d,nikolacreatrix#0,63331e93144cdd9b89d1232a,0x9924285ff2207D6e36642B6832A515A6a3aedCAB,"for doing great job stewarding the ambassador program and providing detailed updates about all the exciting things happening under his wing. It gives good insight into everything you are up to and inspires action and engagement for the team and community, at least for me! You have really cool ideas, you bring them to fruition and people love it!",DISCORD:679428761438912522:823570903219568700,DISCORD:Giveth:%F0%9F%92%9C%E2%94%8Bpraise,34,55,89,,,,False,False,False,nikola_creatrix,0x9924285ff2207D6e36642B6832A515A6a3aedCAB,cherrywiner,0x585c4d8f227AD78b0991176f0DF27d2393F7228d,almondoyealmond,0x0D22735DE6d34DC2ed5efDbC2f30D7Aa8e2B9F8e,59.3333333333333,0.02319822755115338,554.3448455623612
672b25fb7acd9e6d1ccd45bf,2024-11-06T08:16:59.180000Z,_cherik#0,63333b26144cdd9b89d12fc4,0x8F48094a12c8F99d616AE8F3305D5eC73cBAA6b6,divine_comedian#0,63330f21144cdd9b89d11bff,0x826976d7C600d45FB8287CA1d7c76FC8eb732030,"for a great sync on devouch, catching up on all design and development issues after I took a loong vacation",DISCORD:679428761438912522:823570903219568700,DISCORD:Giveth:%F0%9F%92%9C%E2%94%8Bpraise,13,0,34,,,,False,False,False,geleeroyale,0x701d0ECB3BA780De7b2b36789aEC4493A426010a,rohekbenitez.eth,0x6C965b656C450259a6D4d95A2E68Fb4319EecBc0,almondoyealmond,0x0D22735DE6d34DC2ed5efDbC2f30D7Aa8e2B9F8e,15.6666666666667,0.006125374690473101,146.37195360354522
672b25fb7acd9e6d1ccd45c0,2024-11-06T08:16:59.181000Z,mateodazab#0,6335afb18622e4e2bd1f15cb,0x00d18ca9782bE1CaEF611017c2Fbc1a39779A57C,divine_comedian#0,63330f21144cdd9b89d11bff,0x826976d7C600d45FB8287CA1d7c76FC8eb732030,"for a great sync on devouch, catching up on all design and development issues after I took a loong vacation",DISCORD:679428761438912522:823570903219568700,DISCORD:Giveth:%F0%9F%92%9C%E2%94%8Bpraise,13,21,8,,,,False,False,False,geleeroyale,0x701d0ECB3BA780De7b2b36789aEC4493A426010a,cherrywiner,0x585c4d8f227AD78b0991176f0DF27d2393F7228d,hanners717,0x711CDABCFdEDEf2c82D9dA533268D8bB6b7468f8,14.0,0.00547373908510361,130.80046917763588
672b25fb7acd9e6d1ccd45c1,2024-11-06T08:16:59.181000Z,Tosin#8012,6335b4a68622e4e2bd1f1af7,0x2a7Ae8118c11b5139AfAF80B27ff59235593E97E,divine_comedian#0,63330f21144cdd9b89d11bff,0x826976d7C600d45FB8287CA1d7c76FC8eb732030,"for a great sync on devouch, catching up on all design and development issues after I took a loong vacation",DISCORD:679428761438912522:823570903219568700,DISCORD:Giveth:%F0%9F%92%9C%E2%94%8Bpraise,8,21,8,,,,False,False,False,nikola_creatrix,0x9924285ff2207D6e36642B6832A515A6a3aedCAB,cherrywiner,0x585c4d8f227AD78b0991176f0DF27d2393F7228d,almondoyealmond,0x0D22735DE6d34DC2ed5efDbC2f30D7Aa8e2B9F8e,12.3333333333333,0.00482210347973412,115.22898475172653
672b25fb7acd9e6d1ccd45c2,2024-11-06T08:16:59.181000Z,dearhaija,66997aa19b533b9d8ff4e9ea,0xD30e526D3b5A65C68C0224fDAD1096c9023b4F1b,divine_comedian#0,63330f21144cdd9b89d11bff,0x826976d7C600d45FB8287CA1d7c76FC8eb732030,"for a great sync on devouch, catching up on all design and development issues after I took a loong vacation",DISCORD:679428761438912522:823570903219568700,DISCORD:Giveth:%F0%9F%92%9C%E2%94%8Bpraise,8,21,13,,,,False,False,False,nikola_creatrix,0x9924285ff2207D6e36642B6832A515A6a3aedCAB,cherrywiner,0x585c4d8f227AD78b0991176f0DF27d2393F7228d,almondoyealmond,0x0D22735DE6d34DC2ed5efDbC2f30D7Aa8e2B9F8e,14.0,0.00547373908510361,130.80046917763588
672b26147acd9e6d1ccd46c2,2024-11-06T08:17:24.346000Z,moenick,63335999144cdd9b89d13d4a,0xA4D506434445Bb7303eA34A07bc38484cdC64a95,divine_comedian#0,63330f21144cdd9b89d11bff,0x826976d7C600d45FB8287CA1d7c76FC8eb732030,"for covering management of the dapp, ensuring everything was running smoothly while I was away on vacation",DISCORD:679428761438912522:823570903219568700,DISCORD:Giveth:%F0%9F%92%9C%E2%94%8Bpraise,34,21,13,,,,False,False,False,geleeroyale,0x701d0ECB3BA780De7b2b36789aEC4493A426010a,cherrywiner,0x585c4d8f227AD78b0991176f0DF27d2393F7228d,hanners717,0x711CDABCFdEDEf2c82D9dA533268D8bB6b7468f8,22.6666666666667,0.008862244233024907,211.77218819236316
672b264c7acd9e6d1ccd47a5,2024-11-06T08:18:20.833000Z,hanners717#0,6335b56e8622e4e2bd1f1bff,0x711CDABCFdEDEf2c82D9dA533268D8bB6b7468f8,divine_comedian#0,63330f21144cdd9b89d11bff,0x826976d7C600d45FB8287CA1d7c76FC8eb732030,"for covering me on DAO Ops while I was away on vacation, leading the dao ops call and keeping the team on track",DISCORD:679428761438912522:823570903219568700,DISCORD:Giveth:%F0%9F%92%9C%E2%94%8Bpraise,34,0,89,,,,False,False,False,geleeroyale,0x701d0ECB3BA780De7b2b36789aEC4493A426010a,rohekbenitez.eth,0x6C965b656C450259a6D4d95A2E68Fb4319EecBc0,almondoyealmond,0x0D22735DE6d34DC2ed5efDbC2f30D7Aa8e2B9F8e,41.0,0.016030235892089146,383.05851687736225
672b26967acd9e6d1ccd634d,2024-11-06T08:19:34.960000Z,karmaticacid#0,63333aed144cdd9b89d12f9d,0xC46c67Bb7E84490D7EbdD0b8ecDaca68Cf3823F4,divine_comedian#0,63330f21144cdd9b89d11bff,0x826976d7C600d45FB8287CA1d7c76FC8eb732030,"for pushing forward the givbacks v2 final vote as well as the GIVpower rewards continuation, it is important to keep the GIVeconomy functional and growing, she is making it happen!",DISCORD:679428761438912522:823570903219568700,DISCORD:Giveth:%F0%9F%92%9C%E2%94%8Bpraise,13,0,89,,,,False,False,False,nikola_creatrix,0x9924285ff2207D6e36642B6832A515A6a3aedCAB,rohekbenitez.eth,0x6C965b656C450259a6D4d95A2E68Fb4319EecBc0,almondoyealmond,0x0D22735DE6d34DC2ed5efDbC2f30D7Aa8e2B9F8e,34.0,0.01329336634953734,317.6582822885443
672b26fb7acd9e6d1ccd7c5f,2024-11-06T08:21:15.334000Z,mateodazab#0,6335afb18622e4e2bd1f15cb,0x00d18ca9782bE1CaEF611017c2Fbc1a39779A57C,divine_comedian#0,63330f21144cdd9b89d11bff,0x826976d7C600d45FB8287CA1d7c76FC8eb732030,"for taking on the development of the devouch smart contract, learning new skills and working closely with Krati to make advances and get the contract ready for deployment!",DISCORD:679428761438912522:823570903219568700,DISCORD:Giveth:%F0%9F%92%9C%E2%94%8Bpraise,21,34,21,,,,False,False,False,geleeroyale,0x701d0ECB3BA780De7b2b36789aEC4493A426010a,cherrywiner,0x585c4d8f227AD78b0991176f0DF27d2393F7228d,hanners717,0x711CDABCFdEDEf2c82D9dA533268D8bB6b7468f8,25.3333333333333,0.009904861201616044,236.686563273817
672cb22a3da3c477a026068e,2024-11-07T12:27:22.366000Z,ramramez#0,63344d5e144cdd9b89d1a3ab,0x10a84b835C5df26f2A380B3E00bCC84A66cD2d34,kkechy#2713,633f1f7b8622e4e2bd2306f0,0x9C82Ec725Db8dD4789427148B95E9A3ed1245154,for helping me running notification center. Like always great support from great college üöÄ,DISCORD:679428761438912522:823570903219568700,DISCORD:Giveth:%F0%9F%92%9C%E2%94%8Bpraise,8,13,13,,,,False,False,False,nikola_creatrix,0x9924285ff2207D6e36642B6832A515A6a3aedCAB,cherrywiner,0x585c4d8f227AD78b0991176f0DF27d2393F7228d,hanners717,0x711CDABCFdEDEf2c82D9dA533268D8bB6b7468f8,11.3333333333333,0.004431122116512433,105.88609409618111
672cb2403da3c477a0260770,2024-11-07T12:27:44.223000Z,divine_comedian#0,63330f21144cdd9b89d11bff,0x826976d7C600d45FB8287CA1d7c76FC8eb732030,kkechy#2713,633f1f7b8622e4e2bd2306f0,0x9C82Ec725Db8dD4789427148B95E9A3ed1245154,for supporting us on his vacation üòâ,DISCORD:679428761438912522:823570903219568700,DISCORD:Giveth:%F0%9F%92%9C%E2%94%8Bpraise,55,0,89,,,,False,False,False,geleeroyale,0x701d0ECB3BA780De7b2b36789aEC4493A426010a,rohekbenitez.eth,0x6C965b656C450259a6D4d95A2E68Fb4319EecBc0,almondoyealmond,0x0D22735DE6d34DC2ed5efDbC2f30D7Aa8e2B9F8e,48.0,0.01876710543464095,448.45875146618016
672dc5af3da3c477a0298c9a,2024-11-08T08:02:55.735000Z,cordurboi,668c261d9b533b9d8fea1907,0xf904C82a9528611BB7C9D296E238BFca45b9eab1,snakey_jakey.,63331841144cdd9b89d12069,0xB9573982875b83aaDc1296726E2ae77D13D9B98F,for all the very hard work put into the Giveth KOL marketing pitch items and helping to get our Giveth swarm ready to pitch at DevCon,DISCORD:679428761438912522:823570903219568700,DISCORD:Giveth:%F0%9F%92%9C%E2%94%8Bpraise,13,55,89,,,,False,False,False,nikola_creatrix,0x9924285ff2207D6e36642B6832A515A6a3aedCAB,cherrywiner,0x585c4d8f227AD78b0991176f0DF27d2393F7228d,almondoyealmond,0x0D22735DE6d34DC2ed5efDbC2f30D7Aa8e2B9F8e,52.3333333333333,0.020461358008601577,488.94461097354326
672dc5d53da3c477a0298d90,2024-11-08T08:03:33.941000Z,guil.is,6425ffc7098fd1f939404857,0xd11256d99f8833beE0B99203DDcfe4cd6c823d8D,snakey_jakey.,63331841144cdd9b89d12069,0xB9573982875b83aaDc1296726E2ae77D13D9B98F,"for doing an amazing job on the KOL pitch deck, I've had multiple people say they love the deck. Bravo you two!",DISCORD:679428761438912522:823570903219568700,DISCORD:Giveth:%F0%9F%92%9C%E2%94%8Bpraise,8,0,21,,,,False,False,False,nikola_creatrix,0x9924285ff2207D6e36642B6832A515A6a3aedCAB,rohekbenitez.eth,0x6C965b656C450259a6D4d95A2E68Fb4319EecBc0,hanners717,0x711CDABCFdEDEf2c82D9dA533268D8bB6b7468f8,9.66666666666667,0.0037794865111429703,90.31460967027242
672dc5d53da3c477a0298d91,2024-11-08T08:03:33.941000Z,charlie_rgb,653a6ab9521c1c29820b4d66,0x25Ed90139289126aed5cB0d71364b3BF3071AF43,snakey_jakey.,63331841144cdd9b89d12069,0xB9573982875b83aaDc1296726E2ae77D13D9B98F,"for doing an amazing job on the KOL pitch deck, I've had multiple people say they love the deck. Bravo you two!",DISCORD:679428761438912522:823570903219568700,DISCORD:Giveth:%F0%9F%92%9C%E2%94%8Bpraise,8,0,21,,,,False,False,False,nikola_creatrix,0x9924285ff2207D6e36642B6832A515A6a3aedCAB,rohekbenitez.eth,0x6C965b656C450259a6D4d95A2E68Fb4319EecBc0,hanners717,0x711CDABCFdEDEf2c82D9dA533268D8bB6b7468f8,9.66666666666667,0.0037794865111429703,90.31460967027242
672dc5fd3da3c477a0298e8f,2024-11-08T08:04:13.460000Z,divine_comedian#0,63330f21144cdd9b89d11bff,0x826976d7C600d45FB8287CA1d7c76FC8eb732030,snakey_jakey.,63331841144cdd9b89d12069,0xB9573982875b83aaDc1296726E2ae77D13D9B98F,for coming back from vacay firing and specifically for jumping right into the GIV KOL pitch materials and learning them by heart,DISCORD:679428761438912522:823570903219568700,DISCORD:Giveth:%F0%9F%92%9C%E2%94%8Bpraise,55,0,89,,,,False,False,False,geleeroyale,0x701d0ECB3BA780De7b2b36789aEC4493A426010a,rohekbenitez.eth,0x6C965b656C450259a6D4d95A2E68Fb4319EecBc0,almondoyealmond,0x0D22735DE6d34DC2ed5efDbC2f30D7Aa8e2B9F8e,48.0,0.01876710543464095,448.45875146618016
672dc5fd3da3c477a0298e90,2024-11-08T08:04:13.460000Z,oyealmond#0,63335947144cdd9b89d13d13,0x0D22735DE6d34DC2ed5efDbC2f30D7Aa8e2B9F8e,snakey_jakey.,63331841144cdd9b89d12069,0xB9573982875b83aaDc1296726E2ae77D13D9B98F,for coming back from vacay firing and specifically for jumping right into the GIV KOL pitch materials and learning them by heart,DISCORD:679428761438912522:823570903219568700,DISCORD:Giveth:%F0%9F%92%9C%E2%94%8Bpraise,55,0,21,,,,False,False,False,geleeroyale,0x701d0ECB3BA780De7b2b36789aEC4493A426010a,rohekbenitez.eth,0x6C965b656C450259a6D4d95A2E68Fb4319EecBc0,hanners717,0x711CDABCFdEDEf2c82D9dA533268D8bB6b7468f8,25.3333333333333,0.009904861201616044,236.686563273817
672dc6143da3c477a0298f7b,2024-11-08T08:04:36.914000Z,parrachia#0,6490456235a11ee830abcd04,0x144c4E5027B69f7798B2B162D924BcAE5c149f15,snakey_jakey.,63331841144cdd9b89d12069,0xB9573982875b83aaDc1296726E2ae77D13D9B98F,for taking on some really challenging news / direction this week but handling it like a pure champion,DISCORD:679428761438912522:823570903219568700,DISCORD:Giveth:%F0%9F%92%9C%E2%94%8Bpraise,21,0,21,,,,False,False,False,geleeroyale,0x701d0ECB3BA780De7b2b36789aEC4493A426010a,rohekbenitez.eth,0x6C965b656C450259a6D4d95A2E68Fb4319EecBc0,hanners717,0x711CDABCFdEDEf2c82D9dA533268D8bB6b7468f8,14.0,0.00547373908510361,130.80046917763588
672dc67e3da3c477a02990b8,2024-11-08T08:06:22.713000Z,gg7027,662a7412d769970d0988f3fd,0x9FE099C5234E873551Fec5c7dd06E5213360A46c,snakey_jakey.,63331841144cdd9b89d12069,0xB9573982875b83aaDc1296726E2ae77D13D9B98F,for all the hard work in GM GM and giving it your all but most importantly building a really beautiful circle within a circle. Loved to listen to you work together and see the beauty,DISCORD:679428761438912522:823570903219568700,DISCORD:Giveth:%F0%9F%92%9C%E2%94%8Bpraise,21,0,89,,,,False,True,False,geleeroyale,0x701d0ECB3BA780De7b2b36789aEC4493A426010a,cherrywiner,0x585c4d8f227AD78b0991176f0DF27d2393F7228d,almondoyealmond,0x0D22735DE6d34DC2ed5efDbC2f30D7Aa8e2B9F8e,36.6666666666667,0.014335983318128517,342.57265736999904
672dc67e3da3c477a02990b4,2024-11-08T08:06:22.713000Z,itspauloalmeida,66b34c34476b50fa69920fed,,snakey_jakey.,63331841144cdd9b89d12069,0xB9573982875b83aaDc1296726E2ae77D13D9B98F,for all the hard work in GM GM and giving it your all but most importantly building a really beautiful circle within a circle. Loved to listen to you work together and see the beauty,DISCORD:679428761438912522:823570903219568700,DISCORD:Giveth:%F0%9F%92%9C%E2%94%8Bpraise,13,0,13,,,,False,False,False,nikola_creatrix,0x9924285ff2207D6e36642B6832A515A6a3aedCAB,rohekbenitez.eth,0x6C965b656C450259a6D4d95A2E68Fb4319EecBc0,hanners717,0x711CDABCFdEDEf2c82D9dA533268D8bB6b7468f8,8.66666666666667,0.0033885051479212837,80.971719014727
672dc67e3da3c477a02990b6,2024-11-08T08:06:22.713000Z,annakaic,63483f4a8622e4e2bd26d212,,snakey_jakey.,63331841144cdd9b89d12069,0xB9573982875b83aaDc1296726E2ae77D13D9B98F,for all the hard work in GM GM and giving it your all but most importantly building a really beautiful circle within a circle. Loved to listen to you work together and see the beauty,DISCORD:679428761438912522:823570903219568700,DISCORD:Giveth:%F0%9F%92%9C%E2%94%8Bpraise,21,0,55,,,,False,True,False,geleeroyale,0x701d0ECB3BA780De7b2b36789aEC4493A426010a,cherrywiner,0x585c4d8f227AD78b0991176f0DF27d2393F7228d,almondoyealmond,0x0D22735DE6d34DC2ed5efDbC2f30D7Aa8e2B9F8e,25.3333333333333,0.009904861201616044,236.686563273817
672dc67e3da3c477a02990b3,2024-11-08T08:06:22.713000Z,parrachia#0,6490456235a11ee830abcd04,0x144c4E5027B69f7798B2B162D924BcAE5c149f15,snakey_jakey.,63331841144cdd9b89d12069,0xB9573982875b83aaDc1296726E2ae77D13D9B98F,for all the hard work in GM GM and giving it your all but most importantly building a really beautiful circle within a circle. Loved to listen to you work together and see the beauty,DISCORD:679428761438912522:823570903219568700,DISCORD:Giveth:%F0%9F%92%9C%E2%94%8Bpraise,21,0,21,,,,False,False,False,geleeroyale,0x701d0ECB3BA780De7b2b36789aEC4493A426010a,rohekbenitez.eth,0x6C965b656C450259a6D4d95A2E68Fb4319EecBc0,hanners717,0x711CDABCFdEDEf2c82D9dA533268D8bB6b7468f8,14.0,0.00547373908510361,130.80046917763588
672dc67e3da3c477a02990b5,2024-11-08T08:06:22.713000Z,cotabe,63345e59144cdd9b89d1ab9e,0xe64113140960528f6AF928d7cA4f45d192286a7a,snakey_jakey.,63331841144cdd9b89d12069,0xB9573982875b83aaDc1296726E2ae77D13D9B98F,for all the hard work in GM GM and giving it your all but most importantly building a really beautiful circle within a circle. Loved to listen to you work together and see the beauty,DISCORD:679428761438912522:823570903219568700,DISCORD:Giveth:%F0%9F%92%9C%E2%94%8Bpraise,8,0,55,,,,False,False,False,nikola_creatrix,0x9924285ff2207D6e36642B6832A515A6a3aedCAB,rohekbenitez.eth,0x6C965b656C450259a6D4d95A2E68Fb4319EecBc0,almondoyealmond,0x0D22735DE6d34DC2ed5efDbC2f30D7Aa8e2B9F8e,21.0,0.008210608627655415,196.20070376645378
672dc67e3da3c477a02990b7,2024-11-08T08:06:22.713000Z,marcelorefi,65b124a0794ccb911d45b324,0x16204069922fc4242FbbC5c664970c9601015865,snakey_jakey.,63331841144cdd9b89d12069,0xB9573982875b83aaDc1296726E2ae77D13D9B98F,for all the hard work in GM GM and giving it your all but most importantly building a really beautiful circle within a circle. Loved to listen to you work together and see the beauty,DISCORD:679428761438912522:823570903219568700,DISCORD:Giveth:%F0%9F%92%9C%E2%94%8Bpraise,8,21,13,,,,False,False,False,nikola_creatrix,0x9924285ff2207D6e36642B6832A515A6a3aedCAB,cherrywiner,0x585c4d8f227AD78b0991176f0DF27d2393F7228d,hanners717,0x711CDABCFdEDEf2c82D9dA533268D8bB6b7468f8,14.0,0.00547373908510361,130.80046917763588
672dc6d43da3c477a02991de,2024-11-08T08:07:48.751000Z,markop#2007,63344496144cdd9b89d19f57,0x6D97d65aDfF6771b31671443a6b9512104312d3D,snakey_jakey.,63331841144cdd9b89d12069,0xB9573982875b83aaDc1296726E2ae77D13D9B98F,for being really great PMs over at GM. Ahmad always has the answer when I ask and good luck to Marko taking over PW.,DISCORD:679428761438912522:823570903219568700,DISCORD:Giveth:%F0%9F%92%9C%E2%94%8Bpraise,55,0,13,,,,False,True,False,geleeroyale,0x701d0ECB3BA780De7b2b36789aEC4493A426010a,cherrywiner,0x585c4d8f227AD78b0991176f0DF27d2393F7228d,hanners717,0x711CDABCFdEDEf2c82D9dA533268D8bB6b7468f8,22.6666666666667,0.008862244233024907,211.77218819236316
672dc6d43da3c477a02991dd,2024-11-08T08:07:48.751000Z,aabugosh,633311ce144cdd9b89d11d66,0x33878e070db7f70D2953Fe0278Cd32aDf8104572,snakey_jakey.,63331841144cdd9b89d12069,0xB9573982875b83aaDc1296726E2ae77D13D9B98F,for being really great PMs over at GM. Ahmad always has the answer when I ask and good luck to Marko taking over PW.,DISCORD:679428761438912522:823570903219568700,DISCORD:Giveth:%F0%9F%92%9C%E2%94%8Bpraise,21,0,21,,,,False,False,False,geleeroyale,0x701d0ECB3BA780De7b2b36789aEC4493A426010a,rohekbenitez.eth,0x6C965b656C450259a6D4d95A2E68Fb4319EecBc0,hanners717,0x711CDABCFdEDEf2c82D9dA533268D8bB6b7468f8,14.0,0.00547373908510361,130.80046917763588
672dc7013da3c477a02992c9,2024-11-08T08:08:33.628000Z,karmaticacid#0,63333aed144cdd9b89d12f9d,0xC46c67Bb7E84490D7EbdD0b8ecDaca68Cf3823F4,snakey_jakey.,63331841144cdd9b89d12069,0xB9573982875b83aaDc1296726E2ae77D13D9B98F,"for putting on one of her many Giveth hats for me and trying to close the Bitlayer grant IRL at DevCon. If it can't be me, I'm so happy its you!",DISCORD:679428761438912522:823570903219568700,DISCORD:Giveth:%F0%9F%92%9C%E2%94%8Bpraise,21,0,34,,,,False,False,False,nikola_creatrix,0x9924285ff2207D6e36642B6832A515A6a3aedCAB,rohekbenitez.eth,0x6C965b656C450259a6D4d95A2E68Fb4319EecBc0,almondoyealmond,0x0D22735DE6d34DC2ed5efDbC2f30D7Aa8e2B9F8e,18.3333333333333,0.007167991659064238,171.28632868499903
672dc7293da3c477a0299503,2024-11-08T08:09:13.765000Z,divine_comedian#0,63330f21144cdd9b89d11bff,0x826976d7C600d45FB8287CA1d7c76FC8eb732030,snakey_jakey.,63331841144cdd9b89d12069,0xB9573982875b83aaDc1296726E2ae77D13D9B98F,for digging deep into the World Mini App potential. This ecosystem could be huge for Giveth and love that you are super eager to drive this one home for us,DISCORD:679428761438912522:823570903219568700,DISCORD:Giveth:%F0%9F%92%9C%E2%94%8Bpraise,34,0,89,,,,False,False,False,geleeroyale,0x701d0ECB3BA780De7b2b36789aEC4493A426010a,rohekbenitez.eth,0x6C965b656C450259a6D4d95A2E68Fb4319EecBc0,almondoyealmond,0x0D22735DE6d34DC2ed5efDbC2f30D7Aa8e2B9F8e,41.0,0.016030235892089146,383.05851687736225
672dc74b3da3c477a02995e4,2024-11-08T08:09:47.828000Z,griffgreen#0,633339fe144cdd9b89d12f30,0x839395e20bbB182fa440d08F850E6c7A8f6F0780,snakey_jakey.,63331841144cdd9b89d12069,0xB9573982875b83aaDc1296726E2ae77D13D9B98F,"for being a great 1:1 guy always. He's the ideas, Im the follow through and we make it work. Love the team work we have built",DISCORD:679428761438912522:823570903219568700,DISCORD:Giveth:%F0%9F%92%9C%E2%94%8Bpraise,21,21,21,,,,False,False,False,nikola_creatrix,0x9924285ff2207D6e36642B6832A515A6a3aedCAB,cherrywiner,0x585c4d8f227AD78b0991176f0DF27d2393F7228d,hanners717,0x711CDABCFdEDEf2c82D9dA533268D8bB6b7468f8,21.0,0.008210608627655415,196.20070376645378
672dc78d3da3c477a02996c0,2024-11-08T08:10:53.971000Z,itspauloalmeida,66b34c34476b50fa69920fed,,snakey_jakey.,63331841144cdd9b89d12069,0xB9573982875b83aaDc1296726E2ae77D13D9B98F,"for getting the Ethernity grant in, working on the Octant Community grant as well as a couple bitcoin grants, and then trying to find someone in the ethernity ecosystem to push our grant",DISCORD:679428761438912522:823570903219568700,DISCORD:Giveth:%F0%9F%92%9C%E2%94%8Bpraise,8,0,34,,,,False,False,False,nikola_creatrix,0x9924285ff2207D6e36642B6832A515A6a3aedCAB,rohekbenitez.eth,0x6C965b656C450259a6D4d95A2E68Fb4319EecBc0,hanners717,0x711CDABCFdEDEf2c82D9dA533268D8bB6b7468f8,14.0,0.00547373908510361,130.80046917763588
672dc7d23da3c477a02997a2,2024-11-08T08:12:02.710000Z,marcelorefi,65b124a0794ccb911d45b324,0x16204069922fc4242FbbC5c664970c9601015865,snakey_jakey.,63331841144cdd9b89d12069,0xB9573982875b83aaDc1296726E2ae77D13D9B98F,for digging into the world mini app research for me as well as the same research for the 2 bitcoin grants we are about to apply to,DISCORD:679428761438912522:823570903219568700,DISCORD:Giveth:%F0%9F%92%9C%E2%94%8Bpraise,5,21,21,,,,False,False,False,nikola_creatrix,0x9924285ff2207D6e36642B6832A515A6a3aedCAB,cherrywiner,0x585c4d8f227AD78b0991176f0DF27d2393F7228d,hanners717,0x711CDABCFdEDEf2c82D9dA533268D8bB6b7468f8,15.6666666666667,0.006125374690473101,146.37195360354522
672ddca93da3c477a02a5b4f,2024-11-08T09:40:57.035000Z,oyealmond#0,63335947144cdd9b89d13d13,0x0D22735DE6d34DC2ed5efDbC2f30D7Aa8e2B9F8e,snakey_jakey.,63331841144cdd9b89d12069,0xB9573982875b83aaDc1296726E2ae77D13D9B98F,for knocking out all those amazing GG22 tweets while on vacay,DISCORD:679428761438912522:823570903219568700,DISCORD:Giveth:%F0%9F%92%9C%E2%94%8Bpraise,34,0,21,,,,False,False,False,geleeroyale,0x701d0ECB3BA780De7b2b36789aEC4493A426010a,rohekbenitez.eth,0x6C965b656C450259a6D4d95A2E68Fb4319EecBc0,hanners717,0x711CDABCFdEDEf2c82D9dA533268D8bB6b7468f8,18.3333333333333,0.007167991659064238,171.28632868499903
672eb5803da3c477a02d117d,2024-11-09T01:06:08.203000Z,nikolacreatrix#0,63331e93144cdd9b89d1232a,0x9924285ff2207D6e36642B6832A515A6a3aedCAB,karmaticacid#0,63333aed144cdd9b89d12f9d,0xC46c67Bb7E84490D7EbdD0b8ecDaca68Cf3823F4,"for holding down the giveth/gitcoin booth at the 1st onboarding event in Bangkok devcon, representing us and supporting all kinds of new to crypto folks to learn about web3 fundraising",DISCORD:679428761438912522:823570903219568700,DISCORD:Giveth:%F0%9F%92%9C%E2%94%8Bpraise,55,0,21,,,,False,False,False,geleeroyale,0x701d0ECB3BA780De7b2b36789aEC4493A426010a,rohekbenitez.eth,0x6C965b656C450259a6D4d95A2E68Fb4319EecBc0,hanners717,0x711CDABCFdEDEf2c82D9dA533268D8bB6b7468f8,25.3333333333333,0.009904861201616044,236.686563273817
673b6bddf6a6aedea7f87db3,2024-11-18T16:31:25.219000Z,greenbee9327,65280d5f5b301983ec9805bc,0x44AC194359fA44eCe6Cb2E53E8c90547BCCb95a0,carlos096,6335b3878622e4e2bd1f199c,0x317bbc1927Be411CD05615d2Ffdf8d320C6C4052,for providing blockchain/solidity resources to learn!,DISCORD:679428761438912522:861692942645067777,DISCORD:Giveth:%F0%9F%91%8C%E2%94%8Ball-dev,13,0,55,,,,False,False,False,nikola_creatrix,0x9924285ff2207D6e36642B6832A515A6a3aedCAB,rohekbenitez.eth,0x6C965b656C450259a6D4d95A2E68Fb4319EecBc0,almondoyealmond,0x0D22735DE6d34DC2ed5efDbC2f30D7Aa8e2B9F8e,22.6666666666667,0.008862244233024907,211.77218819236316
673db824ddbbbc5ea5232c79,2024-11-20T10:21:24.514000Z,chuygarcia.eth,635a844c8622e4e2bd2e86b7,0xB22981bA3FE1De2325935c91a3B717168fB86714,.plauto,673db80addbbbc5ea5232b87,0x8Bb2884ee943111AA5119a36b30085a15a66c972,For motivating me about making DAO vs QUO to become a Public Good. Thanks for the revelation.,DISCORD:679428761438912522:823570903219568700,DISCORD:Giveth:%F0%9F%92%9C%E2%94%8Bpraise,21,21,21,,,,False,False,False,geleeroyale,0x701d0ECB3BA780De7b2b36789aEC4493A426010a,cherrywiner,0x585c4d8f227AD78b0991176f0DF27d2393F7228d,hanners717,0x711CDABCFdEDEf2c82D9dA533268D8bB6b7468f8,21.0,0.008210608627655415,196.20070376645378
673db851ddbbbc5ea5232d5a,2024-11-20T10:22:09.511000Z,forestkeeperio,667c90a44ed52c91f5a8e1c2,0x1019236722517506732D92DAc0f7b9B4ed993D8d,.plauto,673db80addbbbc5ea5232b87,0x8Bb2884ee943111AA5119a36b30085a15a66c972,To encourage me to be more active in the community in ways that I never thought about.,DISCORD:679428761438912522:823570903219568700,DISCORD:Giveth:%F0%9F%92%9C%E2%94%8Bpraise,21,21,89,,,,False,False,False,nikola_creatrix,0x9924285ff2207D6e36642B6832A515A6a3aedCAB,cherrywiner,0x585c4d8f227AD78b0991176f0DF27d2393F7228d,almondoyealmond,0x0D22735DE6d34DC2ed5efDbC2f30D7Aa8e2B9F8e,43.6666666666667,0.01707285286068032,407.97289195881694
673e25fdddbbbc5ea525cce7,2024-11-20T18:10:05.224000Z,carlos096,6335b3878622e4e2bd1f199c,0x317bbc1927Be411CD05615d2Ffdf8d320C6C4052,kkechy#2713,633f1f7b8622e4e2bd2306f0,0x9C82Ec725Db8dD4789427148B95E9A3ed1245154,for fast server support üöÄ,DISCORD:679428761438912522:823570903219568700,DISCORD:Giveth:%F0%9F%92%9C%E2%94%8Bpraise,8,13,13,,,,False,False,False,nikola_creatrix,0x9924285ff2207D6e36642B6832A515A6a3aedCAB,cherrywiner,0x585c4d8f227AD78b0991176f0DF27d2393F7228d,almondoyealmond,0x0D22735DE6d34DC2ed5efDbC2f30D7Aa8e2B9F8e,11.3333333333333,0.004431122116512433,105.88609409618111
673f31a1ddbbbc5ea5278284,2024-11-21T13:12:01.064000Z,giantkin#0,63332451144cdd9b89d1258f,0xff75E131c711e4310C045317779d39B3B4f718C4,karmaticacid#0,63333aed144cdd9b89d12f9d,0xC46c67Bb7E84490D7EbdD0b8ecDaca68Cf3823F4,for helping to manage all the safes & corresponding den notifications,DISCORD:679428761438912522:773912257368817684,DISCORD:Giveth:%F0%9F%94%91%E2%94%8Bmultisigs,8,21,21,,,,False,False,False,nikola_creatrix,0x9924285ff2207D6e36642B6832A515A6a3aedCAB,cherrywiner,0x585c4d8f227AD78b0991176f0DF27d2393F7228d,hanners717,0x711CDABCFdEDEf2c82D9dA533268D8bB6b7468f8,16.6666666666667,0.006516356053694787,155.71484425909063
673f489bddbbbc5ea527a100,2024-11-21T14:50:03.546000Z,Amin#2164,63344aa8144cdd9b89d1a234,0xF23eA0b5F14afcbe532A1df273F7B233EBe41C78,divine_comedian#0,63330f21144cdd9b89d11bff,0x826976d7C600d45FB8287CA1d7c76FC8eb732030,"for bringing together an amazing effort in our hackathon team, we worked super hard to build a full app in 24 hours and submitted it for the eth global hackathon. Go team Giveth!",DISCORD:679428761438912522:823570903219568700,DISCORD:Giveth:%F0%9F%92%9C%E2%94%8Bpraise,21,34,21,,,,False,False,False,nikola_creatrix,0x9924285ff2207D6e36642B6832A515A6a3aedCAB,cherrywiner,0x585c4d8f227AD78b0991176f0DF27d2393F7228d,hanners717,0x711CDABCFdEDEf2c82D9dA533268D8bB6b7468f8,25.3333333333333,0.009904861201616044,236.686563273817
673f489bddbbbc5ea527a101,2024-11-21T14:50:03.547000Z,alireza7612#0,63344b46144cdd9b89d1a2a9,0xd5Bd8da424Af4c9eb87Bc9eB94A8478365366Fa3,divine_comedian#0,63330f21144cdd9b89d11bff,0x826976d7C600d45FB8287CA1d7c76FC8eb732030,"for bringing together an amazing effort in our hackathon team, we worked super hard to build a full app in 24 hours and submitted it for the eth global hackathon. Go team Giveth!",DISCORD:679428761438912522:823570903219568700,DISCORD:Giveth:%F0%9F%92%9C%E2%94%8Bpraise,34,0,21,,,,False,False,False,geleeroyale,0x701d0ECB3BA780De7b2b36789aEC4493A426010a,rohekbenitez.eth,0x6C965b656C450259a6D4d95A2E68Fb4319EecBc0,hanners717,0x711CDABCFdEDEf2c82D9dA533268D8bB6b7468f8,18.3333333333333,0.007167991659064238,171.28632868499903
673f489bddbbbc5ea527a103,2024-11-21T14:50:03.547000Z,moeshehab#0,6335665be8278ae0cf33c8ff,0xd49B1e6F160F55d5Bb68a146269446D70B577faF,divine_comedian#0,63330f21144cdd9b89d11bff,0x826976d7C600d45FB8287CA1d7c76FC8eb732030,"for bringing together an amazing effort in our hackathon team, we worked super hard to build a full app in 24 hours and submitted it for the eth global hackathon. Go team Giveth!",DISCORD:679428761438912522:823570903219568700,DISCORD:Giveth:%F0%9F%92%9C%E2%94%8Bpraise,34,21,21,,,,False,False,False,geleeroyale,0x701d0ECB3BA780De7b2b36789aEC4493A426010a,cherrywiner,0x585c4d8f227AD78b0991176f0DF27d2393F7228d,hanners717,0x711CDABCFdEDEf2c82D9dA533268D8bB6b7468f8,25.3333333333333,0.009904861201616044,236.686563273817
673f489bddbbbc5ea527a102,2024-11-21T14:50:03.547000Z,mosaeedi#0,633448af144cdd9b89d1a12f,0x17C8020dE84d4097b01387823f9D33Ff8E62577c,divine_comedian#0,63330f21144cdd9b89d11bff,0x826976d7C600d45FB8287CA1d7c76FC8eb732030,"for bringing together an amazing effort in our hackathon team, we worked super hard to build a full app in 24 hours and submitted it for the eth global hackathon. Go team Giveth!",DISCORD:679428761438912522:823570903219568700,DISCORD:Giveth:%F0%9F%92%9C%E2%94%8Bpraise,21,0,21,,,,False,False,False,nikola_creatrix,0x9924285ff2207D6e36642B6832A515A6a3aedCAB,rohekbenitez.eth,0x6C965b656C450259a6D4d95A2E68Fb4319EecBc0,hanners717,0x711CDABCFdEDEf2c82D9dA533268D8bB6b7468f8,14.0,0.00547373908510361,130.80046917763588
673f5729ddbbbc5ea527b8f8,2024-11-21T15:52:09.979000Z,carlos096,6335b3878622e4e2bd1f199c,0x317bbc1927Be411CD05615d2Ffdf8d320C6C4052,greenbee9327,65280d5f5b301983ec9805bc,0x44AC194359fA44eCe6Cb2E53E8c90547BCCb95a0,for deepdiving ICP and preparing ICP Integration Tech document üëèüëèüëè,DISCORD:679428761438912522:823570903219568700,DISCORD:Giveth:%F0%9F%92%9C%E2%94%8Bpraise,8,21,34,,,,False,False,False,nikola_creatrix,0x9924285ff2207D6e36642B6832A515A6a3aedCAB,cherrywiner,0x585c4d8f227AD78b0991176f0DF27d2393F7228d,almondoyealmond,0x0D22735DE6d34DC2ed5efDbC2f30D7Aa8e2B9F8e,21.0,0.008210608627655415,196.20070376645378
6740ebe4ddbbbc5ea52adf75,2024-11-22T20:39:00.102000Z,NicoBals#2154,6335aa8b8622e4e2bd1f134f,0xd9D5d85B2682830aC58A78c279E0C177953738b4,divine_comedian#0,63330f21144cdd9b89d11bff,0x826976d7C600d45FB8287CA1d7c76FC8eb732030,"for their progress on organizing the Make GIveth Fun Again programming, including preparing the games that will be played, organizing the format, questions and scheduling the event",DISCORD:679428761438912522:823570903219568700,DISCORD:Giveth:%F0%9F%92%9C%E2%94%8Bpraise,55,55,21,,,,False,False,False,geleeroyale,0x701d0ECB3BA780De7b2b36789aEC4493A426010a,cherrywiner,0x585c4d8f227AD78b0991176f0DF27d2393F7228d,hanners717,0x711CDABCFdEDEf2c82D9dA533268D8bB6b7468f8,43.6666666666667,0.01707285286068032,407.97289195881694
6740ebe4ddbbbc5ea52adf76,2024-11-22T20:39:00.103000Z,hanners717#0,6335b56e8622e4e2bd1f1bff,0x711CDABCFdEDEf2c82D9dA533268D8bB6b7468f8,divine_comedian#0,63330f21144cdd9b89d11bff,0x826976d7C600d45FB8287CA1d7c76FC8eb732030,"for their progress on organizing the Make GIveth Fun Again programming, including preparing the games that will be played, organizing the format, questions and scheduling the event",DISCORD:679428761438912522:823570903219568700,DISCORD:Giveth:%F0%9F%92%9C%E2%94%8Bpraise,21,0,89,,,,False,False,False,geleeroyale,0x701d0ECB3BA780De7b2b36789aEC4493A426010a,rohekbenitez.eth,0x6C965b656C450259a6D4d95A2E68Fb4319EecBc0,almondoyealmond,0x0D22735DE6d34DC2ed5efDbC2f30D7Aa8e2B9F8e,36.6666666666667,0.014335983318128517,342.57265736999904
6740ec0bddbbbc5ea52ae062,2024-11-22T20:39:39.567000Z,forestkeeperio,667c90a44ed52c91f5a8e1c2,0x1019236722517506732D92DAc0f7b9B4ed993D8d,divine_comedian#0,63330f21144cdd9b89d11bff,0x826976d7C600d45FB8287CA1d7c76FC8eb732030,"for hosting the Giveth community games session last night, playing some old school mario kart, showing off DeVouch and collaborating with REGEN on some cool new ideas",DISCORD:679428761438912522:823570903219568700,DISCORD:Giveth:%F0%9F%92%9C%E2%94%8Bpraise,13,55,89,,,,False,False,False,nikola_creatrix,0x9924285ff2207D6e36642B6832A515A6a3aedCAB,cherrywiner,0x585c4d8f227AD78b0991176f0DF27d2393F7228d,almondoyealmond,0x0D22735DE6d34DC2ed5efDbC2f30D7Aa8e2B9F8e,52.3333333333333,0.020461358008601577,488.94461097354326
6745c6917769658af847b28e,2024-11-26T13:01:05.374000Z,whyldwanderer#0,63332c97144cdd9b89d1295c,0xed8DB37778804A913670d9367aAf4F043AAd938b,karmaticacid#0,63333aed144cdd9b89d12f9d,0xC46c67Bb7E84490D7EbdD0b8ecDaca68Cf3823F4,for being SO incredibly flexible and helpful with taking on GIVbacks V2 and making sure the processes continue to roll out smoothly,DISCORD:679428761438912522:823570903219568700,DISCORD:Giveth:%F0%9F%92%9C%E2%94%8Bpraise,13,34,89,,,,False,False,False,nikola_creatrix,0x9924285ff2207D6e36642B6832A515A6a3aedCAB,cherrywiner,0x585c4d8f227AD78b0991176f0DF27d2393F7228d,almondoyealmond,0x0D22735DE6d34DC2ed5efDbC2f30D7Aa8e2B9F8e,45.3333333333333,0.017724488466049772,423.54437638472535
674605ca7769658af848a0ea,2024-11-26T17:30:50.603000Z,nikolacreatrix#0,63331e93144cdd9b89d1232a,0x9924285ff2207D6e36642B6832A515A6a3aedCAB,oyealmond#0,63335947144cdd9b89d13d13,0x0D22735DE6d34DC2ed5efDbC2f30D7Aa8e2B9F8e,for her amazing support interviewing Devcon folks https://x.com/Giveth/status/1861349348527001966 !,DISCORD:679428761438912522:823570903219568700,DISCORD:Giveth:%F0%9F%92%9C%E2%94%8Bpraise,34,0,21,,,,False,False,False,geleeroyale,0x701d0ECB3BA780De7b2b36789aEC4493A426010a,rohekbenitez.eth,0x6C965b656C450259a6D4d95A2E68Fb4319EecBc0,hanners717,0x711CDABCFdEDEf2c82D9dA533268D8bB6b7468f8,18.3333333333333,0.007167991659064238,171.28632868499903
674609cb7769658af848b75a,2024-11-26T17:47:55.712000Z,mateodazab#0,6335afb18622e4e2bd1f15cb,0x00d18ca9782bE1CaEF611017c2Fbc1a39779A57C,divine_comedian#0,63330f21144cdd9b89d11bff,0x826976d7C600d45FB8287CA1d7c76FC8eb732030,for making great progress on integrating the latest devouch features and fixes including the fee collector smart contract!,DISCORD:679428761438912522:823570903219568700,DISCORD:Giveth:%F0%9F%92%9C%E2%94%8Bpraise,34,21,13,,,,False,False,False,geleeroyale,0x701d0ECB3BA780De7b2b36789aEC4493A426010a,cherrywiner,0x585c4d8f227AD78b0991176f0DF27d2393F7228d,hanners717,0x711CDABCFdEDEf2c82D9dA533268D8bB6b7468f8,22.6666666666667,0.008862244233024907,211.77218819236316
674609e17769658af848b83d,2024-11-26T17:48:17.624000Z,kkechy#2713,633f1f7b8622e4e2bd2306f0,0x9C82Ec725Db8dD4789427148B95E9A3ed1245154,divine_comedian#0,63330f21144cdd9b89d11bff,0x826976d7C600d45FB8287CA1d7c76FC8eb732030,for his continued work on trying to debug what the heck is wrong with recurring donations with USDC,DISCORD:679428761438912522:823570903219568700,DISCORD:Giveth:%F0%9F%92%9C%E2%94%8Bpraise,21,34,21,,,,False,False,False,nikola_creatrix,0x9924285ff2207D6e36642B6832A515A6a3aedCAB,cherrywiner,0x585c4d8f227AD78b0991176f0DF27d2393F7228d,hanners717,0x711CDABCFdEDEf2c82D9dA533268D8bB6b7468f8,25.3333333333333,0.009904861201616044,236.686563273817
67460a067769658af848b931,2024-11-26T17:48:54.793000Z,kkechy#2713,633f1f7b8622e4e2bd2306f0,0x9C82Ec725Db8dD4789427148B95E9A3ed1245154,divine_comedian#0,63330f21144cdd9b89d11bff,0x826976d7C600d45FB8287CA1d7c76FC8eb732030,for great work on development and testing of the email verification feature coming soon for project owners! No more spam email addresses on user profiles!,DISCORD:679428761438912522:823570903219568700,DISCORD:Giveth:%F0%9F%92%9C%E2%94%8Bpraise,13,55,21,,,,False,False,False,nikola_creatrix,0x9924285ff2207D6e36642B6832A515A6a3aedCAB,cherrywiner,0x585c4d8f227AD78b0991176f0DF27d2393F7228d,hanners717,0x711CDABCFdEDEf2c82D9dA533268D8bB6b7468f8,29.6666666666667,0.011599113775576712,277.1724227811811
67460a067769658af848b930,2024-11-26T17:48:54.793000Z,Maryjaf#2478,6335b25e8622e4e2bd1f183c,0x756A78077A06493b9ff0Ed18B50Df695DFA5e0d9,divine_comedian#0,63330f21144cdd9b89d11bff,0x826976d7C600d45FB8287CA1d7c76FC8eb732030,for great work on development and testing of the email verification feature coming soon for project owners! No more spam email addresses on user profiles!,DISCORD:679428761438912522:823570903219568700,DISCORD:Giveth:%F0%9F%92%9C%E2%94%8Bpraise,8,89,89,,,,False,False,False,nikola_creatrix,0x9924285ff2207D6e36642B6832A515A6a3aedCAB,cherrywiner,0x585c4d8f227AD78b0991176f0DF27d2393F7228d,almondoyealmond,0x0D22735DE6d34DC2ed5efDbC2f30D7Aa8e2B9F8e,62.0,0.02424084451974456,579.259220643816
67460a317769658af848ba1d,2024-11-26T17:49:37.650000Z,geleeroyale,63330ed2144cdd9b89d11bc7,0x701d0ECB3BA780De7b2b36789aEC4493A426010a,divine_comedian#0,63330f21144cdd9b89d11bff,0x826976d7C600d45FB8287CA1d7c76FC8eb732030,"for being on top of our RPC usage, reporting an issue of where our devouch staging was using 10 times more than it should be! Also helping us to source a cheaper provider",DISCORD:679428761438912522:823570903219568700,DISCORD:Giveth:%F0%9F%92%9C%E2%94%8Bpraise,21,0,21,,,,False,False,False,nikola_creatrix,0x9924285ff2207D6e36642B6832A515A6a3aedCAB,rohekbenitez.eth,0x6C965b656C450259a6D4d95A2E68Fb4319EecBc0,hanners717,0x711CDABCFdEDEf2c82D9dA533268D8bB6b7468f8,14.0,0.00547373908510361,130.80046917763588
67460a4d7769658af848bafe,2024-11-26T17:50:05.539000Z,oyealmond#0,63335947144cdd9b89d13d13,0x0D22735DE6d34DC2ed5efDbC2f30D7Aa8e2B9F8e,divine_comedian#0,63330f21144cdd9b89d11bff,0x826976d7C600d45FB8287CA1d7c76FC8eb732030,"for leading a great, productive comms call",DISCORD:679428761438912522:823570903219568700,DISCORD:Giveth:%F0%9F%92%9C%E2%94%8Bpraise,21,0,8,,,,False,False,False,geleeroyale,0x701d0ECB3BA780De7b2b36789aEC4493A426010a,rohekbenitez.eth,0x6C965b656C450259a6D4d95A2E68Fb4319EecBc0,hanners717,0x711CDABCFdEDEf2c82D9dA533268D8bB6b7468f8,9.66666666666667,0.0037794865111429703,90.31460967027242
67460a627769658af848bbde,2024-11-26T17:50:26.891000Z,cherrywiner,6632159ad769970d098f3abf,0x585c4d8f227AD78b0991176f0DF27d2393F7228d,divine_comedian#0,63330f21144cdd9b89d11bff,0x826976d7C600d45FB8287CA1d7c76FC8eb732030,for reminding me to dish some praise,DISCORD:679428761438912522:823570903219568700,DISCORD:Giveth:%F0%9F%92%9C%E2%94%8Bpraise,8,0,13,,,,False,False,False,nikola_creatrix,0x9924285ff2207D6e36642B6832A515A6a3aedCAB,rohekbenitez.eth,0x6C965b656C450259a6D4d95A2E68Fb4319EecBc0,hanners717,0x711CDABCFdEDEf2c82D9dA533268D8bB6b7468f8,7.0,0.002736869542551805,65.40023458881794
67460aba7769658af848bcbe,2024-11-26T17:51:54.068000Z,karmaticacid#0,63333aed144cdd9b89d12f9d,0xC46c67Bb7E84490D7EbdD0b8ecDaca68Cf3823F4,divine_comedian#0,63330f21144cdd9b89d11bff,0x826976d7C600d45FB8287CA1d7c76FC8eb732030,"for doing an excellent presentation of Gurves and ""hosting"" our tokenization mentorship workshop at DevCon",DISCORD:679428761438912522:823570903219568700,DISCORD:Giveth:%F0%9F%92%9C%E2%94%8Bpraise,21,0,55,,,,False,False,False,nikola_creatrix,0x9924285ff2207D6e36642B6832A515A6a3aedCAB,rohekbenitez.eth,0x6C965b656C450259a6D4d95A2E68Fb4319EecBc0,almondoyealmond,0x0D22735DE6d34DC2ed5efDbC2f30D7Aa8e2B9F8e,25.3333333333333,0.009904861201616044,236.686563273817
67460adf7769658af848bda1,2024-11-26T17:52:31.493000Z,NicoBals#2154,6335aa8b8622e4e2bd1f134f,0xd9D5d85B2682830aC58A78c279E0C177953738b4,divine_comedian#0,63330f21144cdd9b89d11bff,0x826976d7C600d45FB8287CA1d7c76FC8eb732030,"for being a huge help in organizing our team dinner at devcon, he was able to lockdown a restaurant that fit everyones needs and coordinated with securing our reservation",DISCORD:679428761438912522:823570903219568700,DISCORD:Giveth:%F0%9F%92%9C%E2%94%8Bpraise,34,55,21,,,,False,False,False,geleeroyale,0x701d0ECB3BA780De7b2b36789aEC4493A426010a,cherrywiner,0x585c4d8f227AD78b0991176f0DF27d2393F7228d,hanners717,0x711CDABCFdEDEf2c82D9dA533268D8bB6b7468f8,36.6666666666667,0.014335983318128517,342.57265736999904
67460b0b7769658af848be93,2024-11-26T17:53:15.656000Z,troopdegen,67460b0b7769658af848be4f,,divine_comedian#0,63330f21144cdd9b89d11bff,0x826976d7C600d45FB8287CA1d7c76FC8eb732030,for always looking for fun new ways to gamify regen and actively reaching out to collaborate with Giveth,DISCORD:679428761438912522:823570903219568700,DISCORD:Giveth:%F0%9F%92%9C%E2%94%8Bpraise,21,55,21,,,,False,False,False,nikola_creatrix,0x9924285ff2207D6e36642B6832A515A6a3aedCAB,cherrywiner,0x585c4d8f227AD78b0991176f0DF27d2393F7228d,hanners717,0x711CDABCFdEDEf2c82D9dA533268D8bB6b7468f8,32.3333333333333,0.01264173074416785,302.0867978626349
67460b3e7769658af848c0dd,2024-11-26T17:54:06.216000Z,owocki,635a84568622e4e2bd2ec920,,divine_comedian#0,63330f21144cdd9b89d11bff,0x826976d7C600d45FB8287CA1d7c76FC8eb732030,for coming to the GIVeconomy call last week and proposing the GIV / GTC token swap,DISCORD:679428761438912522:823570903219568700,DISCORD:Giveth:%F0%9F%92%9C%E2%94%8Bpraise,13,55,89,,,,False,False,False,nikola_creatrix,0x9924285ff2207D6e36642B6832A515A6a3aedCAB,cherrywiner,0x585c4d8f227AD78b0991176f0DF27d2393F7228d,almondoyealmond,0x0D22735DE6d34DC2ed5efDbC2f30D7Aa8e2B9F8e,52.3333333333333,0.020461358008601577,488.94461097354326
674731807769658af84ce783,2024-11-27T14:49:36.187000Z,whyldwanderer#0,63332c97144cdd9b89d1295c,0xed8DB37778804A913670d9367aAf4F043AAd938b,lumina.envision,667d99d94ed52c91f5a98a6e,0x7D85fCbB505D48E6176483733b62b51704e0bF95,"for determination at work, organizational skills, being friendly vibes spreader and just simply rocking the Giveth Galaxy with her power reason:",DISCORD:679428761438912522:823570903219568700,DISCORD:Giveth:%F0%9F%92%9C%E2%94%8Bpraise,34,55,89,,,,False,False,False,nikola_creatrix,0x9924285ff2207D6e36642B6832A515A6a3aedCAB,cherrywiner,0x585c4d8f227AD78b0991176f0DF27d2393F7228d,almondoyealmond,0x0D22735DE6d34DC2ed5efDbC2f30D7Aa8e2B9F8e,59.3333333333333,0.02319822755115338,554.3448455623612
674731c17769658af84ce863,2024-11-27T14:50:41.295000Z,griffgreen#0,633339fe144cdd9b89d12f30,0x839395e20bbB182fa440d08F850E6c7A8f6F0780,lumina.envision,667d99d94ed52c91f5a98a6e,0x7D85fCbB505D48E6176483733b62b51704e0bF95,"for really being the heart of this all, the founder that the world will remember",DISCORD:679428761438912522:823570903219568700,DISCORD:Giveth:%F0%9F%92%9C%E2%94%8Bpraise,21,21,13,,,,False,False,False,nikola_creatrix,0x9924285ff2207D6e36642B6832A515A6a3aedCAB,cherrywiner,0x585c4d8f227AD78b0991176f0DF27d2393F7228d,hanners717,0x711CDABCFdEDEf2c82D9dA533268D8bB6b7468f8,18.3333333333333,0.007167991659064238,171.28632868499903
6747320a7769658af84ce945,2024-11-27T14:51:54.295000Z,karmaticacid#0,63333aed144cdd9b89d12f9d,0xC46c67Bb7E84490D7EbdD0b8ecDaca68Cf3823F4,lumina.envision,667d99d94ed52c91f5a98a6e,0x7D85fCbB505D48E6176483733b62b51704e0bF95,for so much energy and enthusiasm to talk about all what‚Äôs cooking at Giveth and include the pinch of nerdiness in it.,DISCORD:679428761438912522:823570903219568700,DISCORD:Giveth:%F0%9F%92%9C%E2%94%8Bpraise,13,0,55,,,,False,False,False,nikola_creatrix,0x9924285ff2207D6e36642B6832A515A6a3aedCAB,rohekbenitez.eth,0x6C965b656C450259a6D4d95A2E68Fb4319EecBc0,almondoyealmond,0x0D22735DE6d34DC2ed5efDbC2f30D7Aa8e2B9F8e,22.6666666666667,0.008862244233024907,211.77218819236316
6747370a7769658af84ceb7e,2024-11-27T15:13:14.760000Z,oyealmond#0,63335947144cdd9b89d13d13,0x0D22735DE6d34DC2ed5efDbC2f30D7Aa8e2B9F8e,forestkeeperio,667c90a44ed52c91f5a8e1c2,0x1019236722517506732D92DAc0f7b9B4ed993D8d,For doing an amazing job in the content we post! We have been growing a lot!,DISCORD:679428761438912522:823570903219568700,DISCORD:Giveth:%F0%9F%92%9C%E2%94%8Bpraise,55,0,13,,,,False,False,False,geleeroyale,0x701d0ECB3BA780De7b2b36789aEC4493A426010a,rohekbenitez.eth,0x6C965b656C450259a6D4d95A2E68Fb4319EecBc0,hanners717,0x711CDABCFdEDEf2c82D9dA533268D8bB6b7468f8,22.6666666666667,0.008862244233024907,211.77218819236316
6747384f7769658af84cedc8,2024-11-27T15:18:39.135000Z,geleeroyale,63330ed2144cdd9b89d11bc7,0x701d0ECB3BA780De7b2b36789aEC4493A426010a,Amin#2164,63344aa8144cdd9b89d1a234,0xF23eA0b5F14afcbe532A1df273F7B233EBe41C78,for supporting QAcc team with building infrastructure to monitor and scale the backend service,DISCORD:679428761438912522:823570903219568700,DISCORD:Giveth:%F0%9F%92%9C%E2%94%8Bpraise,13,0,13,,,,False,False,False,nikola_creatrix,0x9924285ff2207D6e36642B6832A515A6a3aedCAB,rohekbenitez.eth,0x6C965b656C450259a6D4d95A2E68Fb4319EecBc0,hanners717,0x711CDABCFdEDEf2c82D9dA533268D8bB6b7468f8,8.66666666666667,0.0033885051479212837,80.971719014727
6747384f7769658af84cedc9,2024-11-27T15:18:39.135000Z,moeshehab#0,6335665be8278ae0cf33c8ff,0xd49B1e6F160F55d5Bb68a146269446D70B577faF,Amin#2164,63344aa8144cdd9b89d1a234,0xF23eA0b5F14afcbe532A1df273F7B233EBe41C78,for supporting QAcc team with building infrastructure to monitor and scale the backend service,DISCORD:679428761438912522:823570903219568700,DISCORD:Giveth:%F0%9F%92%9C%E2%94%8Bpraise,34,13,13,,,,False,False,False,geleeroyale,0x701d0ECB3BA780De7b2b36789aEC4493A426010a,cherrywiner,0x585c4d8f227AD78b0991176f0DF27d2393F7228d,hanners717,0x711CDABCFdEDEf2c82D9dA533268D8bB6b7468f8,20.0,0.00781962726443373,186.85781311090838
674738817769658af84ceefe,2024-11-27T15:19:29.430000Z,Amin#2164,63344aa8144cdd9b89d1a234,0xF23eA0b5F14afcbe532A1df273F7B233EBe41C78,Amin#2164,63344aa8144cdd9b89d1a234,0xF23eA0b5F14afcbe532A1df273F7B233EBe41C78,my hackathon team for building an inovative app together,DISCORD:679428761438912522:823570903219568700,DISCORD:Giveth:%F0%9F%92%9C%E2%94%8Bpraise,0,21,21,673f489bddbbbc5ea527a100,,,False,False,False,nikola_creatrix,0x9924285ff2207D6e36642B6832A515A6a3aedCAB,cherrywiner,0x585c4d8f227AD78b0991176f0DF27d2393F7228d,hanners717,0x711CDABCFdEDEf2c82D9dA533268D8bB6b7468f8,14.0,0.00547373908510361,130.80046917763588
674738817769658af84ceefd,2024-11-27T15:19:29.430000Z,divine_comedian#0,63330f21144cdd9b89d11bff,0x826976d7C600d45FB8287CA1d7c76FC8eb732030,Amin#2164,63344aa8144cdd9b89d1a234,0xF23eA0b5F14afcbe532A1df273F7B233EBe41C78,my hackathon team for building an inovative app together,DISCORD:679428761438912522:823570903219568700,DISCORD:Giveth:%F0%9F%92%9C%E2%94%8Bpraise,55,0,89,,,,False,False,False,geleeroyale,0x701d0ECB3BA780De7b2b36789aEC4493A426010a,rohekbenitez.eth,0x6C965b656C450259a6D4d95A2E68Fb4319EecBc0,almondoyealmond,0x0D22735DE6d34DC2ed5efDbC2f30D7Aa8e2B9F8e,48.0,0.01876710543464095,448.45875146618016
674738817769658af84ceeff,2024-11-27T15:19:29.430000Z,alireza7612#0,63344b46144cdd9b89d1a2a9,0xd5Bd8da424Af4c9eb87Bc9eB94A8478365366Fa3,Amin#2164,63344aa8144cdd9b89d1a234,0xF23eA0b5F14afcbe532A1df273F7B233EBe41C78,my hackathon team for building an inovative app together,DISCORD:679428761438912522:823570903219568700,DISCORD:Giveth:%F0%9F%92%9C%E2%94%8Bpraise,21,0,21,,,,False,False,False,geleeroyale,0x701d0ECB3BA780De7b2b36789aEC4493A426010a,rohekbenitez.eth,0x6C965b656C450259a6D4d95A2E68Fb4319EecBc0,hanners717,0x711CDABCFdEDEf2c82D9dA533268D8bB6b7468f8,14.0,0.00547373908510361,130.80046917763588
674738817769658af84cef00,2024-11-27T15:19:29.431000Z,mosaeedi#0,633448af144cdd9b89d1a12f,0x17C8020dE84d4097b01387823f9D33Ff8E62577c,Amin#2164,63344aa8144cdd9b89d1a234,0xF23eA0b5F14afcbe532A1df273F7B233EBe41C78,my hackathon team for building an inovative app together,DISCORD:679428761438912522:823570903219568700,DISCORD:Giveth:%F0%9F%92%9C%E2%94%8Bpraise,0,0,21,673f489bddbbbc5ea527a102,,,False,False,False,nikola_creatrix,0x9924285ff2207D6e36642B6832A515A6a3aedCAB,rohekbenitez.eth,0x6C965b656C450259a6D4d95A2E68Fb4319EecBc0,hanners717,0x711CDABCFdEDEf2c82D9dA533268D8bB6b7468f8,7.0,0.002736869542551805,65.40023458881794
674738817769658af84cef01,2024-11-27T15:19:29.431000Z,moeshehab#0,6335665be8278ae0cf33c8ff,0xd49B1e6F160F55d5Bb68a146269446D70B577faF,Amin#2164,63344aa8144cdd9b89d1a234,0xF23eA0b5F14afcbe532A1df273F7B233EBe41C78,my hackathon team for building an inovative app together,DISCORD:679428761438912522:823570903219568700,DISCORD:Giveth:%F0%9F%92%9C%E2%94%8Bpraise,21,13,21,,,,False,False,False,geleeroyale,0x701d0ECB3BA780De7b2b36789aEC4493A426010a,cherrywiner,0x585c4d8f227AD78b0991176f0DF27d2393F7228d,hanners717,0x711CDABCFdEDEf2c82D9dA533268D8bB6b7468f8,18.3333333333333,0.007167991659064238,171.28632868499903
6747388e7769658af84cf00d,2024-11-27T15:19:42.406000Z,divine_comedian#0,63330f21144cdd9b89d11bff,0x826976d7C600d45FB8287CA1d7c76FC8eb732030,forestkeeperio,667c90a44ed52c91f5a8e1c2,0x1019236722517506732D92DAc0f7b9B4ed993D8d,"Supporting with EVERYTHING related to community initiatives, crazy ideas and guiding me",DISCORD:679428761438912522:823570903219568700,DISCORD:Giveth:%F0%9F%92%9C%E2%94%8Bpraise,34,0,89,,,,False,False,False,geleeroyale,0x701d0ECB3BA780De7b2b36789aEC4493A426010a,rohekbenitez.eth,0x6C965b656C450259a6D4d95A2E68Fb4319EecBc0,almondoyealmond,0x0D22735DE6d34DC2ed5efDbC2f30D7Aa8e2B9F8e,41.0,0.016030235892089146,383.05851687736225
674738b67769658af84cf0ef,2024-11-27T15:20:22.224000Z,whyldwanderer#0,63332c97144cdd9b89d1295c,0xed8DB37778804A913670d9367aAf4F043AAd938b,forestkeeperio,667c90a44ed52c91f5a8e1c2,0x1019236722517506732D92DAc0f7b9B4ed993D8d,Always guiding me in the right direction when I need support or have issues with anything giveth related!,DISCORD:679428761438912522:823570903219568700,DISCORD:Giveth:%F0%9F%92%9C%E2%94%8Bpraise,13,34,89,,,,False,False,False,nikola_creatrix,0x9924285ff2207D6e36642B6832A515A6a3aedCAB,cherrywiner,0x585c4d8f227AD78b0991176f0DF27d2393F7228d,almondoyealmond,0x0D22735DE6d34DC2ed5efDbC2f30D7Aa8e2B9F8e,45.3333333333333,0.017724488466049772,423.54437638472535
674738f37769658af84cf1d0,2024-11-27T15:21:23.949000Z,ae2079,665dc1eaff1f4b2e6e4634a4,0x83B94f919610dB69AB1aD74D072F73CEF697C703,Amin#2164,63344aa8144cdd9b89d1a234,0xF23eA0b5F14afcbe532A1df273F7B233EBe41C78,for working relentlessly on QAcc Backend and running qacc batch minting scripts,DISCORD:679428761438912522:823570903219568700,DISCORD:Giveth:%F0%9F%92%9C%E2%94%8Bpraise,55,55,21,,,,False,False,False,geleeroyale,0x701d0ECB3BA780De7b2b36789aEC4493A426010a,cherrywiner,0x585c4d8f227AD78b0991176f0DF27d2393F7228d,hanners717,0x711CDABCFdEDEf2c82D9dA533268D8bB6b7468f8,43.6666666666667,0.01707285286068032,407.97289195881694
674739167769658af84cf2b1,2024-11-27T15:21:58.207000Z,_cherik#0,63333b26144cdd9b89d12fc4,0x8F48094a12c8F99d616AE8F3305D5eC73cBAA6b6,Amin#2164,63344aa8144cdd9b89d1a234,0xF23eA0b5F14afcbe532A1df273F7B233EBe41C78,for working hard on different projects including QAcc FE and it's arbitrage bot,DISCORD:679428761438912522:823570903219568700,DISCORD:Giveth:%F0%9F%92%9C%E2%94%8Bpraise,55,0,13,,,,False,False,False,geleeroyale,0x701d0ECB3BA780De7b2b36789aEC4493A426010a,rohekbenitez.eth,0x6C965b656C450259a6D4d95A2E68Fb4319EecBc0,almondoyealmond,0x0D22735DE6d34DC2ed5efDbC2f30D7Aa8e2B9F8e,22.6666666666667,0.008862244233024907,211.77218819236316
674739a47769658af84cf3b4,2024-11-27T15:24:20.646000Z,Amin#2164,63344aa8144cdd9b89d1a234,0xF23eA0b5F14afcbe532A1df273F7B233EBe41C78,ae2079,665dc1eaff1f4b2e6e4634a4,0x83B94f919610dB69AB1aD74D072F73CEF697C703,for his work and support on qacc even when he was in vacation and resolve issues,DISCORD:679428761438912522:823570903219568700,DISCORD:Giveth:%F0%9F%92%9C%E2%94%8Bpraise,13,21,13,,,,False,False,False,nikola_creatrix,0x9924285ff2207D6e36642B6832A515A6a3aedCAB,cherrywiner,0x585c4d8f227AD78b0991176f0DF27d2393F7228d,hanners717,0x711CDABCFdEDEf2c82D9dA533268D8bB6b7468f8,15.6666666666667,0.006125374690473101,146.37195360354522
674739e87769658af84cf495,2024-11-27T15:25:28.166000Z,_cherik#0,63333b26144cdd9b89d12fc4,0x8F48094a12c8F99d616AE8F3305D5eC73cBAA6b6,ae2079,665dc1eaff1f4b2e6e4634a4,0x83B94f919610dB69AB1aD74D072F73CEF697C703,for supporting qacc when we are in vacation and resolve incidents,DISCORD:679428761438912522:823570903219568700,DISCORD:Giveth:%F0%9F%92%9C%E2%94%8Bpraise,0,0,34,674739167769658af84cf2b1,,,False,False,False,geleeroyale,0x701d0ECB3BA780De7b2b36789aEC4493A426010a,rohekbenitez.eth,0x6C965b656C450259a6D4d95A2E68Fb4319EecBc0,almondoyealmond,0x0D22735DE6d34DC2ed5efDbC2f30D7Aa8e2B9F8e,11.3333333333333,0.004431122116512433,105.88609409618111
67473a3f7769658af84cf574,2024-11-27T15:26:55.608000Z,frunjyan,66a26c89a0f14863528e0cf2,0x52Ff9BE3A6758F5D3B2F2949c7e9c95563D53777,ae2079,665dc1eaff1f4b2e6e4634a4,0x83B94f919610dB69AB1aD74D072F73CEF697C703,for managing qacc tasks and planning tasks based on their priority,DISCORD:679428761438912522:823570903219568700,DISCORD:Giveth:%F0%9F%92%9C%E2%94%8Bpraise,8,21,21,,,,False,False,False,nikola_creatrix,0x9924285ff2207D6e36642B6832A515A6a3aedCAB,cherrywiner,0x585c4d8f227AD78b0991176f0DF27d2393F7228d,hanners717,0x711CDABCFdEDEf2c82D9dA533268D8bB6b7468f8,16.6666666666667,0.006516356053694787,155.71484425909063
67473a817769658af84cf66a,2024-11-27T15:28:01.617000Z,carlos096,6335b3878622e4e2bd1f199c,0x317bbc1927Be411CD05615d2Ffdf8d320C6C4052,kkechy#2713,633f1f7b8622e4e2bd2306f0,0x9C82Ec725Db8dD4789427148B95E9A3ed1245154,for being my wingman in this last month at Giveth <:GIVpower:1026905095356563567>,DISCORD:679428761438912522:823570903219568700,DISCORD:Giveth:%F0%9F%92%9C%E2%94%8Bpraise,8,13,34,,,,False,False,False,nikola_creatrix,0x9924285ff2207D6e36642B6832A515A6a3aedCAB,cherrywiner,0x585c4d8f227AD78b0991176f0DF27d2393F7228d,almondoyealmond,0x0D22735DE6d34DC2ed5efDbC2f30D7Aa8e2B9F8e,18.3333333333333,0.007167991659064238,171.28632868499903
67473aba7769658af84cf747,2024-11-27T15:28:58.665000Z,divine_comedian#0,63330f21144cdd9b89d11bff,0x826976d7C600d45FB8287CA1d7c76FC8eb732030,kkechy#2713,633f1f7b8622e4e2bd2306f0,0x9C82Ec725Db8dD4789427148B95E9A3ed1245154,"for every instruction, helping with Giveth flow in dApp and for all your patience with me üíú",DISCORD:679428761438912522:823570903219568700,DISCORD:Giveth:%F0%9F%92%9C%E2%94%8Bpraise,21,0,89,,,,False,False,False,geleeroyale,0x701d0ECB3BA780De7b2b36789aEC4493A426010a,rohekbenitez.eth,0x6C965b656C450259a6D4d95A2E68Fb4319EecBc0,almondoyealmond,0x0D22735DE6d34DC2ed5efDbC2f30D7Aa8e2B9F8e,36.6666666666667,0.014335983318128517,342.57265736999904
67473ae37769658af84cf870,2024-11-27T15:29:39.660000Z,greenbee9327,65280d5f5b301983ec9805bc,0x44AC194359fA44eCe6Cb2E53E8c90547BCCb95a0,kkechy#2713,633f1f7b8622e4e2bd2306f0,0x9C82Ec725Db8dD4789427148B95E9A3ed1245154,for giving me opportinuty to work as FE and also in alst month as BE developer <:GIVstream:923427489819263006>,DISCORD:679428761438912522:823570903219568700,DISCORD:Giveth:%F0%9F%92%9C%E2%94%8Bpraise,34,0,55,,,,False,False,False,nikola_creatrix,0x9924285ff2207D6e36642B6832A515A6a3aedCAB,rohekbenitez.eth,0x6C965b656C450259a6D4d95A2E68Fb4319EecBc0,almondoyealmond,0x0D22735DE6d34DC2ed5efDbC2f30D7Aa8e2B9F8e,29.6666666666667,0.011599113775576712,277.1724227811811
67473b067769658af84cf951,2024-11-27T15:30:14.741000Z,tamarandom,635a84568622e4e2bd2ecb75,,ae2079,665dc1eaff1f4b2e6e4634a4,0x83B94f919610dB69AB1aD74D072F73CEF697C703,for helping us understanding the business requirements and describe flows of qacc,DISCORD:679428761438912522:823570903219568700,DISCORD:Giveth:%F0%9F%92%9C%E2%94%8Bpraise,21,21,21,,,,False,False,False,nikola_creatrix,0x9924285ff2207D6e36642B6832A515A6a3aedCAB,cherrywiner,0x585c4d8f227AD78b0991176f0DF27d2393F7228d,hanners717,0x711CDABCFdEDEf2c82D9dA533268D8bB6b7468f8,21.0,0.008210608627655415,196.20070376645378
67473b147769658af84cfa2f,2024-11-27T15:30:28.096000Z,zeptimusq#0,635a84508622e4e2bd2e9db8,0xaa79B87DC8B046A5E4f7D03F1562D7fe5BF98737,karmaticacid#0,63333aed144cdd9b89d12f9d,0xC46c67Bb7E84490D7EbdD0b8ecDaca68Cf3823F4,"for lending me his sweatershift, I know this doesn't SOUND work related, but it is because of his cozy hoddie that I am narrowly avoiding getting sick üòÖ  my hero",DISCORD:679428761438912522:823570903219568700,DISCORD:Giveth:%F0%9F%92%9C%E2%94%8Bpraise,5,8,8,,,,False,False,False,nikola_creatrix,0x9924285ff2207D6e36642B6832A515A6a3aedCAB,cherrywiner,0x585c4d8f227AD78b0991176f0DF27d2393F7228d,hanners717,0x711CDABCFdEDEf2c82D9dA533268D8bB6b7468f8,7.0,0.002736869542551805,65.40023458881794
67473b217769658af84cfb59,2024-11-27T15:30:41.671000Z,spacemonk5821,665dc1eaff1f4b2e6e46348e,0xbBA428c7029D1d1E5A692908a231A5fa79F6fe39,kkechy#2713,633f1f7b8622e4e2bd2306f0,0x9C82Ec725Db8dD4789427148B95E9A3ed1245154,"for every help related to Qacc and Giveth, thx guys you for every instruction and help",DISCORD:679428761438912522:823570903219568700,DISCORD:Giveth:%F0%9F%92%9C%E2%94%8Bpraise,13,13,21,,,,False,False,False,nikola_creatrix,0x9924285ff2207D6e36642B6832A515A6a3aedCAB,cherrywiner,0x585c4d8f227AD78b0991176f0DF27d2393F7228d,hanners717,0x711CDABCFdEDEf2c82D9dA533268D8bB6b7468f8,15.6666666666667,0.006125374690473101,146.37195360354522
67473b217769658af84cfb5a,2024-11-27T15:30:41.672000Z,Amin#2164,63344aa8144cdd9b89d1a234,0xF23eA0b5F14afcbe532A1df273F7B233EBe41C78,kkechy#2713,633f1f7b8622e4e2bd2306f0,0x9C82Ec725Db8dD4789427148B95E9A3ed1245154,"for every help related to Qacc and Giveth, thx guys you for every instruction and help",DISCORD:679428761438912522:823570903219568700,DISCORD:Giveth:%F0%9F%92%9C%E2%94%8Bpraise,8,13,13,,,,False,False,False,nikola_creatrix,0x9924285ff2207D6e36642B6832A515A6a3aedCAB,cherrywiner,0x585c4d8f227AD78b0991176f0DF27d2393F7228d,hanners717,0x711CDABCFdEDEf2c82D9dA533268D8bB6b7468f8,11.3333333333333,0.004431122116512433,105.88609409618111
67473b217769658af84cfb5d,2024-11-27T15:30:41.672000Z,ramramez#0,63344d5e144cdd9b89d1a3ab,0x10a84b835C5df26f2A380B3E00bCC84A66cD2d34,kkechy#2713,633f1f7b8622e4e2bd2306f0,0x9C82Ec725Db8dD4789427148B95E9A3ed1245154,"for every help related to Qacc and Giveth, thx guys you for every instruction and help",DISCORD:679428761438912522:823570903219568700,DISCORD:Giveth:%F0%9F%92%9C%E2%94%8Bpraise,5,13,13,,,,False,False,False,nikola_creatrix,0x9924285ff2207D6e36642B6832A515A6a3aedCAB,cherrywiner,0x585c4d8f227AD78b0991176f0DF27d2393F7228d,hanners717,0x711CDABCFdEDEf2c82D9dA533268D8bB6b7468f8,10.3333333333333,0.004040140753290747,96.5432034406357
67473b217769658af84cfb5b,2024-11-27T15:30:41.672000Z,_cherik#0,63333b26144cdd9b89d12fc4,0x8F48094a12c8F99d616AE8F3305D5eC73cBAA6b6,kkechy#2713,633f1f7b8622e4e2bd2306f0,0x9C82Ec725Db8dD4789427148B95E9A3ed1245154,"for every help related to Qacc and Giveth, thx guys you for every instruction and help",DISCORD:679428761438912522:823570903219568700,DISCORD:Giveth:%F0%9F%92%9C%E2%94%8Bpraise,0,0,13,674739167769658af84cf2b1,,,False,False,False,geleeroyale,0x701d0ECB3BA780De7b2b36789aEC4493A426010a,rohekbenitez.eth,0x6C965b656C450259a6D4d95A2E68Fb4319EecBc0,almondoyealmond,0x0D22735DE6d34DC2ed5efDbC2f30D7Aa8e2B9F8e,4.33333333333333,0.0016942525739606401,40.48585950736346
67473b217769658af84cfb5c,2024-11-27T15:30:41.672000Z,ae2079,665dc1eaff1f4b2e6e4634a4,0x83B94f919610dB69AB1aD74D072F73CEF697C703,kkechy#2713,633f1f7b8622e4e2bd2306f0,0x9C82Ec725Db8dD4789427148B95E9A3ed1245154,"for every help related to Qacc and Giveth, thx guys you for every instruction and help",DISCORD:679428761438912522:823570903219568700,DISCORD:Giveth:%F0%9F%92%9C%E2%94%8Bpraise,0,21,13,674738f37769658af84cf1d0,,,False,False,False,geleeroyale,0x701d0ECB3BA780De7b2b36789aEC4493A426010a,cherrywiner,0x585c4d8f227AD78b0991176f0DF27d2393F7228d,hanners717,0x711CDABCFdEDEf2c82D9dA533268D8bB6b7468f8,11.3333333333333,0.004431122116512433,105.88609409618111
67473b927769658af84cfcb4,2024-11-27T15:32:34.686000Z,hanners717#0,6335b56e8622e4e2bd1f1bff,0x711CDABCFdEDEf2c82D9dA533268D8bB6b7468f8,ae2079,665dc1eaff1f4b2e6e4634a4,0x83B94f919610dB69AB1aD74D072F73CEF697C703,for helping me with claiming PTO and home office allowance to resolve my laptop problem,DISCORD:679428761438912522:823570903219568700,DISCORD:Giveth:%F0%9F%92%9C%E2%94%8Bpraise,34,0,13,,,,False,False,False,geleeroyale,0x701d0ECB3BA780De7b2b36789aEC4493A426010a,rohekbenitez.eth,0x6C965b656C450259a6D4d95A2E68Fb4319EecBc0,almondoyealmond,0x0D22735DE6d34DC2ed5efDbC2f30D7Aa8e2B9F8e,15.6666666666667,0.006125374690473101,146.37195360354522
67473b927769658af84cfcb3,2024-11-27T15:32:34.686000Z,freshelle,63345c87144cdd9b89d1aaae,0x38f80f8f76B1C44B2beeFB63bb561F570fb6ddB6,ae2079,665dc1eaff1f4b2e6e4634a4,0x83B94f919610dB69AB1aD74D072F73CEF697C703,for helping me with claiming PTO and home office allowance to resolve my laptop problem,DISCORD:679428761438912522:823570903219568700,DISCORD:Giveth:%F0%9F%92%9C%E2%94%8Bpraise,21,21,21,,,,False,False,False,nikola_creatrix,0x9924285ff2207D6e36642B6832A515A6a3aedCAB,cherrywiner,0x585c4d8f227AD78b0991176f0DF27d2393F7228d,hanners717,0x711CDABCFdEDEf2c82D9dA533268D8bB6b7468f8,21.0,0.008210608627655415,196.20070376645378
67473b927769658af84cfcb2,2024-11-27T15:32:34.686000Z,cherrywiner,6632159ad769970d098f3abf,0x585c4d8f227AD78b0991176f0DF27d2393F7228d,ae2079,665dc1eaff1f4b2e6e4634a4,0x83B94f919610dB69AB1aD74D072F73CEF697C703,for helping me with claiming PTO and home office allowance to resolve my laptop problem,DISCORD:679428761438912522:823570903219568700,DISCORD:Giveth:%F0%9F%92%9C%E2%94%8Bpraise,13,0,21,,,,False,False,False,nikola_creatrix,0x9924285ff2207D6e36642B6832A515A6a3aedCAB,rohekbenitez.eth,0x6C965b656C450259a6D4d95A2E68Fb4319EecBc0,hanners717,0x711CDABCFdEDEf2c82D9dA533268D8bB6b7468f8,11.3333333333333,0.004431122116512433,105.88609409618111
67473bb57769658af84cfdad,2024-11-27T15:33:09.180000Z,spacemonk5821,665dc1eaff1f4b2e6e46348e,0xbBA428c7029D1d1E5A692908a231A5fa79F6fe39,ae2079,665dc1eaff1f4b2e6e4634a4,0x83B94f919610dB69AB1aD74D072F73CEF697C703,for his massive works on Qacc FE,DISCORD:679428761438912522:823570903219568700,DISCORD:Giveth:%F0%9F%92%9C%E2%94%8Bpraise,34,21,34,,,,False,False,False,nikola_creatrix,0x9924285ff2207D6e36642B6832A515A6a3aedCAB,cherrywiner,0x585c4d8f227AD78b0991176f0DF27d2393F7228d,hanners717,0x711CDABCFdEDEf2c82D9dA533268D8bB6b7468f8,29.6666666666667,0.011599113775576712,277.1724227811811
67473c247769658af84d0fc0,2024-11-27T15:35:00.244000Z,moeshehab#0,6335665be8278ae0cf33c8ff,0xd49B1e6F160F55d5Bb68a146269446D70B577faF,ae2079,665dc1eaff1f4b2e6e4634a4,0x83B94f919610dB69AB1aD74D072F73CEF697C703,for helping me resolve my vpn issues and grant me access to vercel,DISCORD:679428761438912522:823570903219568700,DISCORD:Giveth:%F0%9F%92%9C%E2%94%8Bpraise,34,21,21,,,,False,False,False,geleeroyale,0x701d0ECB3BA780De7b2b36789aEC4493A426010a,cherrywiner,0x585c4d8f227AD78b0991176f0DF27d2393F7228d,hanners717,0x711CDABCFdEDEf2c82D9dA533268D8bB6b7468f8,25.3333333333333,0.009904861201616044,236.686563273817
67474c9a7769658af84d38ee,2024-11-27T16:45:14.113000Z,_cherik#0,63333b26144cdd9b89d12fc4,0x8F48094a12c8F99d616AE8F3305D5eC73cBAA6b6,frunjyan,66a26c89a0f14863528e0cf2,0x52Ff9BE3A6758F5D3B2F2949c7e9c95563D53777,for all his extra effort to help q/acc start it‚Äôs marketing campaign,DISCORD:679428761438912522:823570903219568700,DISCORD:Giveth:%F0%9F%92%9C%E2%94%8Bpraise,0,0,34,674739167769658af84cf2b1,,,False,False,False,geleeroyale,0x701d0ECB3BA780De7b2b36789aEC4493A426010a,rohekbenitez.eth,0x6C965b656C450259a6D4d95A2E68Fb4319EecBc0,almondoyealmond,0x0D22735DE6d34DC2ed5efDbC2f30D7Aa8e2B9F8e,11.3333333333333,0.004431122116512433,105.88609409618111
67478d817769658af84d9c93,2024-11-27T21:22:09.548000Z,giantkin#0,63332451144cdd9b89d1258f,0xff75E131c711e4310C045317779d39B3B4f718C4,kohx,666898c3ff1f4b2e6e4b8941,0x140D3f60AC840571a3e08e218B823094d4715564,agile community protection! #swatthosebots,DISCORD:679428761438912522:823570903219568700,DISCORD:Giveth:%F0%9F%92%9C%E2%94%8Bpraise,8,13,13,,,,False,False,False,nikola_creatrix,0x9924285ff2207D6e36642B6832A515A6a3aedCAB,cherrywiner,0x585c4d8f227AD78b0991176f0DF27d2393F7228d,hanners717,0x711CDABCFdEDEf2c82D9dA533268D8bB6b7468f8,11.3333333333333,0.004431122116512433,105.88609409618111
67478dce7769658af84d9d75,2024-11-27T21:23:26.685000Z,kohx,666898c3ff1f4b2e6e4b8941,0x140D3f60AC840571a3e08e218B823094d4715564,giantkin#0,63332451144cdd9b89d1258f,0xff75E131c711e4310C045317779d39B3B4f718C4,Hanging around catching ScamFlies and letting us know!,DISCORD:679428761438912522:823570903219568700,DISCORD:Giveth:%F0%9F%92%9C%E2%94%8Bpraise,55,21,89,,,,False,False,False,nikola_creatrix,0x9924285ff2207D6e36642B6832A515A6a3aedCAB,cherrywiner,0x585c4d8f227AD78b0991176f0DF27d2393F7228d,almondoyealmond,0x0D22735DE6d34DC2ed5efDbC2f30D7Aa8e2B9F8e,55.0,0.021503974977192756,513.8589860549981
674793d67769658af84da534,2024-11-27T21:49:10.630000Z,kohx,666898c3ff1f4b2e6e4b8941,0x140D3f60AC840571a3e08e218B823094d4715564,fleshynumba1,674793aa7769658af84da2fe,0x82465efD928D4586E0Ee09b261cCC6FCca5B8cb5,"For beiing an inspiration, helping others build and do good!",DISCORD:679428761438912522:823570903219568700,DISCORD:Giveth:%F0%9F%92%9C%E2%94%8Bpraise,21,13,89,,,,False,False,False,nikola_creatrix,0x9924285ff2207D6e36642B6832A515A6a3aedCAB,cherrywiner,0x585c4d8f227AD78b0991176f0DF27d2393F7228d,almondoyealmond,0x0D22735DE6d34DC2ed5efDbC2f30D7Aa8e2B9F8e,41.0,0.016030235892089146,383.05851687736225
6747965e7769658af84da65c,2024-11-27T21:59:58.706000Z,kohx,666898c3ff1f4b2e6e4b8941,0x140D3f60AC840571a3e08e218B823094d4715564,BOLTEVM#1348,6409fa6c5423162777a2cc81,0x2a87C1345024ab463ACC26417124C433b3069fdD,for building out Hand Protocol and Helping provide a way for so many around the world. for bringing people to the waters of prosperity & abundance.,DISCORD:679428761438912522:823570903219568700,DISCORD:Giveth:%F0%9F%92%9C%E2%94%8Bpraise,13,21,13,,,,False,False,False,nikola_creatrix,0x9924285ff2207D6e36642B6832A515A6a3aedCAB,cherrywiner,0x585c4d8f227AD78b0991176f0DF27d2393F7228d,almondoyealmond,0x0D22735DE6d34DC2ed5efDbC2f30D7Aa8e2B9F8e,15.6666666666667,0.006125374690473101,146.37195360354522
6747c3ef7769658af84ded44,2024-11-28T01:14:23.110000Z,kohx,666898c3ff1f4b2e6e4b8941,0x140D3f60AC840571a3e08e218B823094d4715564,BOLTEVM#1348,6409fa6c5423162777a2cc81,0x2a87C1345024ab463ACC26417124C433b3069fdD,for building an awesome MVP cookie jar for the community. Dude is shipping & pushing code for the cause.,DISCORD:679428761438912522:823570903219568700,DISCORD:Giveth:%F0%9F%92%9C%E2%94%8Bpraise,21,21,13,,,,False,False,False,nikola_creatrix,0x9924285ff2207D6e36642B6832A515A6a3aedCAB,cherrywiner,0x585c4d8f227AD78b0991176f0DF27d2393F7228d,almondoyealmond,0x0D22735DE6d34DC2ed5efDbC2f30D7Aa8e2B9F8e,18.3333333333333,0.007167991659064238,171.28632868499903
67489de67769658af84fe770,2024-11-28T16:44:22.656000Z,giantkin#0,63332451144cdd9b89d1258f,0xff75E131c711e4310C045317779d39B3B4f718C4,forestkeeperio,667c90a44ed52c91f5a8e1c2,0x1019236722517506732D92DAc0f7b9B4ed993D8d,For being always avaialable and supporting for ALL things discord/gaming/technical issues,DISCORD:679428761438912522:823570903219568700,DISCORD:Giveth:%F0%9F%92%9C%E2%94%8Bpraise,13,21,21,,,,False,False,False,nikola_creatrix,0x9924285ff2207D6e36642B6832A515A6a3aedCAB,cherrywiner,0x585c4d8f227AD78b0991176f0DF27d2393F7228d,hanners717,0x711CDABCFdEDEf2c82D9dA533268D8bB6b7468f8,18.3333333333333,0.007167991659064238,171.28632868499903
67489e647769658af84fe888,2024-11-28T16:46:28.539000Z,robinhodl,67489e647769658af84fe840,,forestkeeperio,667c90a44ed52c91f5a8e1c2,0x1019236722517506732D92DAc0f7b9B4ed993D8d,"For committing to the Giveth Ambassador Program and contributing to the public goods ecosystem, welcome to the S3 cohort!",DISCORD:679428761438912522:823570903219568700,DISCORD:Giveth:%F0%9F%92%9C%E2%94%8Bpraise,8,55,13,,,,False,False,False,nikola_creatrix,0x9924285ff2207D6e36642B6832A515A6a3aedCAB,cherrywiner,0x585c4d8f227AD78b0991176f0DF27d2393F7228d,hanners717,0x711CDABCFdEDEf2c82D9dA533268D8bB6b7468f8,25.3333333333333,0.009904861201616044,236.686563273817
67489e647769658af84fe887,2024-11-28T16:46:28.539000Z,.plauto,673db80addbbbc5ea5232b87,0x8Bb2884ee943111AA5119a36b30085a15a66c972,forestkeeperio,667c90a44ed52c91f5a8e1c2,0x1019236722517506732D92DAc0f7b9B4ed993D8d,"For committing to the Giveth Ambassador Program and contributing to the public goods ecosystem, welcome to the S3 cohort!",DISCORD:679428761438912522:823570903219568700,DISCORD:Giveth:%F0%9F%92%9C%E2%94%8Bpraise,13,55,21,,,,False,False,False,geleeroyale,0x701d0ECB3BA780De7b2b36789aEC4493A426010a,cherrywiner,0x585c4d8f227AD78b0991176f0DF27d2393F7228d,hanners717,0x711CDABCFdEDEf2c82D9dA533268D8bB6b7468f8,29.6666666666667,0.011599113775576712,277.1724227811811
67489e647769658af84fe886,2024-11-28T16:46:28.539000Z,lumina.envision,667d99d94ed52c91f5a98a6e,0x7D85fCbB505D48E6176483733b62b51704e0bF95,forestkeeperio,667c90a44ed52c91f5a8e1c2,0x1019236722517506732D92DAc0f7b9B4ed993D8d,"For committing to the Giveth Ambassador Program and contributing to the public goods ecosystem, welcome to the S3 cohort!",DISCORD:679428761438912522:823570903219568700,DISCORD:Giveth:%F0%9F%92%9C%E2%94%8Bpraise,13,55,21,,,,False,False,False,nikola_creatrix,0x9924285ff2207D6e36642B6832A515A6a3aedCAB,cherrywiner,0x585c4d8f227AD78b0991176f0DF27d2393F7228d,hanners717,0x711CDABCFdEDEf2c82D9dA533268D8bB6b7468f8,29.6666666666667,0.011599113775576712,277.1724227811811
67492cf47769658af851597d,2024-11-29T02:54:44.666000Z,divine_comedian#0,63330f21144cdd9b89d11bff,0x826976d7C600d45FB8287CA1d7c76FC8eb732030,freshelle,63345c87144cdd9b89d1aaae,0x38f80f8f76B1C44B2beeFB63bb561F570fb6ddB6,for quickly setting up a forum proposal to top up the nGIV treasury from the GIV Garden to make sure monthly contributor payments run smoothly,DISCORD:679428761438912522:689153434917929053,DISCORD:Giveth:%F0%9F%8C%90%E2%94%8Bdao-ops,89,0,89,,,,False,False,False,geleeroyale,0x701d0ECB3BA780De7b2b36789aEC4493A426010a,rohekbenitez.eth,0x6C965b656C450259a6D4d95A2E68Fb4319EecBc0,almondoyealmond,0x0D22735DE6d34DC2ed5efDbC2f30D7Aa8e2B9F8e,59.3333333333333,0.02319822755115338,554.3448455623612
674a3cda7769658af853b915,2024-11-29T22:14:50.072000Z,Tosin#8012,6335b4a68622e4e2bd1f1af7,0x2a7Ae8118c11b5139AfAF80B27ff59235593E97E,divine_comedian#0,63330f21144cdd9b89d11bff,0x826976d7C600d45FB8287CA1d7c76FC8eb732030,for jumping on some designs for the recurring donation integration on base and working quickly with me to produce some dev ready designs,DISCORD:679428761438912522:823570903219568700,DISCORD:Giveth:%F0%9F%92%9C%E2%94%8Bpraise,8,34,34,,,,False,False,False,nikola_creatrix,0x9924285ff2207D6e36642B6832A515A6a3aedCAB,cherrywiner,0x585c4d8f227AD78b0991176f0DF27d2393F7228d,almondoyealmond,0x0D22735DE6d34DC2ed5efDbC2f30D7Aa8e2B9F8e,25.3333333333333,0.009904861201616044,236.686563273817
