,index,ID,DATE,TO USER ACCOUNT,FROM USER ACCOUNT,REASON,DUPLICATE ID 1,DUPLICATE ID 2,DUPLICATE ID 3,QUANTIFIER 1 USERNAME,QUANTIFIER 2 USERNAME,QUANTIFIER 3 USERNAME,AVG SCORE,MAX SCORE,DUPLICATION AGREED,ORIGINAL MSG
0,434,633f3fb17492eab52e0d51c3,2022-10-06T20:50:57.223Z,Almond | oyealmond#7049,geleeroyale#3228,because they are on fire with shouting  givpower from the rooftops,633f33607492eab52e0d5192,633ebfce7492eab52e0d4c0e,0,cuidadopeligro#4788,ClaraZi#5313,miguelb#5176,0.43,144,False,because they are on fire with shouting  givpower from the rooftops
1,360,633ef20d7492eab52e0d4f1d,2022-10-06T15:19:41.403Z,Almond | oyealmond#7049,Dr. Suga#8514,meet the makers,0,633da38c7492eab52e0d497c,0,cuidadopeligro#4788,ClaraZi#5313,miguelb#5176,9.13,144,False,meet the makers
3,367,633f08f57492eab52e0d4f85,2022-10-06T16:57:25.222Z,kristofer#1475,Nikola Creatrix#5026,"for hosting a great, detailed, and awesome clear praise demo, really nice thorough overview",0,633f1ff87492eab52e0d50d6,0,brichis#6933,ClaraZi#5313,miguelb#5176,18.8,144,False,"for hosting a great, detailed, and awesome clear praise demo, really nice thorough overview"
4,425,633f20a47492eab52e0d5154,2022-10-06T18:38:28.023Z,kristofer#1475,WhyldWanderer#7002,"For bringing a great presentation and demo of the new praise system, helping our community formulate a plan, and passing on some of your wisdom from experience. üôè",633f08f57492eab52e0d4f85,633f1ff87492eab52e0d50d6,0,brichis#6933,ClaraZi#5313,miguelb#5176,8.6,144,False,"For bringing a great presentation and demo of the new praise system, helping our community formulate a plan, and passing on some of your wisdom from experience. üôè"
11,469,63405c307492eab52e0d537c,2022-10-07T17:04:48.453Z,kristofer#1475,fuscia,Thank You Sooo much for facilitating such an exciting wave of Praise to be given and shared. Really appreciate your commitment that has lead you here.,0,633f1ff87492eab52e0d50d6,0,brichis#6933,ClaraZi#5313,miguelb#5176,18.8,144,False,Thank You Sooo much for facilitating such an exciting wave of Praise to be given and shared. Really appreciate your commitment that has lead you here.
14,329,633eedfa7492eab52e0d4d87,2022-10-06T15:02:18.236Z,geleeroyale#3228,Carlos096#8712,for new vpn!,6335b39c7492eab52e0d4229,0,633e8f3c7492eab52e0d4b81,divine_comedian#5493,ClaraZi#5313,WhyldWanderer#7002,50.27,144,False,for new vpn!
15,316,633eed067492eab52e0d4cda,2022-10-06T14:58:14.036Z,Amin#2164,Carlos096#8712,For being a great team lead and working so hard on GivPower,0,633d28b07492eab52e0d48ff,0,divine_comedian#5493,ClaraZi#5313,hanners717#2022,57.13,144,False,For being a great team lead and working so hard on GivPower
16,523,6345866f7492eab52e0d5639,2022-10-11T15:06:23.568Z,Almond | oyealmond#7049,Nikola Creatrix#5026,for creating an awesome twitter spaces plan and bringing already so much value into the giveth community,0,6345865d7492eab52e0d561b,0,cuidadopeligro#4788,ClaraZi#5313,miguelb#5176,11.33,144,False,for creating an awesome twitter spaces plan and bringing already so much value into the giveth community
18,289,633e28e27492eab52e0d4b5b,2022-10-06T01:01:22.910Z,Almond | oyealmond#7049,karmaticacid#1218,for making the 1st meet the makers a success! 20 people is sweet!!,0,633da38c7492eab52e0d497c,0,cuidadopeligro#4788,ClaraZi#5313,miguelb#5176,16.8,144,False,for making the 1st meet the makers a success! 20 people is sweet!!
19,430,633f33607492eab52e0d5192,2022-10-06T19:58:24.042Z,Almond | oyealmond#7049,ahmad#7204,for hosting a great twitter space on GIVpower!,0,633ebfce7492eab52e0d4c0e,0,cuidadopeligro#4788,ClaraZi#5313,miguelb#5176,27.47,144,False,for hosting a great twitter space on GIVpower!
20,263,633db2e37492eab52e0d4a14,2022-10-05T16:37:55.780Z,Almond | oyealmond#7049,Nikola Creatrix#5026,for all the good work around MTM we made a great tream!,633da38c7492eab52e0d497c,633da38c7492eab52e0d497c,0,cuidadopeligro#4788,ClaraZi#5313,miguelb#5176,9.83,144,False,for all the good work around MTM we made a great tream!
23,243,633d4b3b7492eab52e0d4924,2022-10-05T09:15:39.325Z,Amin#2164,Jakeüêç#0203,"as well, GIVpower is amazing and going to do so much for Giveth! Well done, and anyone else involved",633d28b07492eab52e0d48ff,633d28b07492eab52e0d48ff,0,divine_comedian#5493,ClaraZi#5313,hanners717#2022,12.1,144,False,"as well, GIVpower is amazing and going to do so much for Giveth! Well done, and anyone else involved"
26,981,635a845f1ab998280302ad9b,2022-09-25T22:00:00.000Z,geleeroyale#3228,MoeShehab#3487,for trying to circumvent the vpn issue as well ,0,635a845f1ab998280302ada1,0,divine_comedian#5493,ClaraZi#5313,WhyldWanderer#7002,22.67,144,False,for trying to circumvent the vpn issue as well 
28,340,633eeeb07492eab52e0d4e1d,2022-10-06T15:05:20.902Z,geleeroyale#3228,divine_comedian#5493,for their work on setting up solid and reliable vpn access for our team,6335b39c7492eab52e0d4229,633eedfa7492eab52e0d4d87,633e8f3c7492eab52e0d4b81,divine_comedian#5493,ClaraZi#5313,WhyldWanderer#7002,7.07,144,False,for their work on setting up solid and reliable vpn access for our team
33,431,633f34827492eab52e0d51a1,2022-10-06T20:03:14.004Z,Almond | oyealmond#7049,karmaticacid#1218,for hosting an awesome GIVpower twitter space,633f33607492eab52e0d5192,633ebfce7492eab52e0d4c0e,633f33607492eab52e0d5192,cuidadopeligro#4788,ClaraZi#5313,miguelb#5176,7.07,144,False,for hosting an awesome GIVpower twitter space
37,675,63498f3c7492eab52e0d5d15,2022-10-14T16:33:00.916Z,Amin#2164,karmaticacid#1218,for again being up late on a Friday to make last minute fixes to FOX/XDAI regenfarm and get it live w/ the countdown! you guys are heroes,63482adf7492eab52e0d5a98,63482adf7492eab52e0d5a98,0,divine_comedian#5493,ClaraZi#5313,hanners717#2022,13.63,144,False,for again being up late on a Friday to make last minute fixes to FOX/XDAI regenfarm and get it live w/ the countdown! you guys are heroes
39,642,634830847492eab52e0d5bda,2022-10-13T15:36:36.376Z,Almond | oyealmond#7049,Cotabe#4096,for hosting many twitter spaces,63482a8b7492eab52e0d5a47,6345865d7492eab52e0d561b,0,cuidadopeligro#4788,ClaraZi#5313,miguelb#5176,12.5,144,False,for hosting many twitter spaces
42,296,633ebbff7492eab52e0d4bbd,2022-10-06T11:29:03.639Z,Almond | oyealmond#7049,cuidadopeligro#4788,For their awesome organization with the first Meet the Makers session! It was so interesting getting to know these projects!,633da38c7492eab52e0d497c,633da38c7492eab52e0d497c,633e28e27492eab52e0d4b5b,cuidadopeligro#4788,ClaraZi#5313,miguelb#5176,2.97,144,False,For their awesome organization with the first Meet the Makers session! It was so interesting getting to know these projects!
45,114,6335b39c7492eab52e0d4229,2022-09-29T15:02:52.907Z,geleeroyale#3228,mohammad_ranjbar_z#2709,For setting up wiregaurd VPNs,0,635a845f1ab998280302ada1,0,divine_comedian#5493,ClaraZi#5313,WhyldWanderer#7002,30.13,144,False,For setting up wiregaurd VPNs
46,38,63345ba2b867a8bdb0786d1e,2022-09-28T14:35:14.117Z,geleeroyale#3228,miguelb#5176,for the new praise bot,63331e10b867a8bdb0786ad9,633324a9b867a8bdb0786b02,63331e10b867a8bdb0786ad9,divine_comedian#5493,ClaraZi#5313,WhyldWanderer#7002,7.07,144,False,for the new praise bot
47,39,63345d64b867a8bdb0786d33,2022-09-28T14:42:44.870Z,kristofer#1475,freshelle#9882,for setting up the new praise bot!,63330f27b867a8bdb0786aa4,635a845f1ab998280302adc6,63330f27b867a8bdb0786aa4,brichis#6933,ClaraZi#5313,miguelb#5176,7.77,144,False,for setting up the new praise bot!
49,29,63345382b867a8bdb0786ca6,2022-09-28T14:00:34.089Z,kristofer#1475,Jakeüêç#0203,for Praise 2.0 <:GIVETH:923641348798693416> üî• üíï,63330f27b867a8bdb0786aa4,63331e10b867a8bdb0786ad2,63330f27b867a8bdb0786aa4,brichis#6933,ClaraZi#5313,miguelb#5176,7.77,144,False,for Praise 2.0 <:GIVETH:923641348798693416> üî• üíï
50,1024,635a845f1ab998280302adc6,2022-09-27T22:00:00.000Z,kristofer#1475,raazz,for deploying the new praise botü§üüíö ,63330f27b867a8bdb0786aa4,0,63330f27b867a8bdb0786aa4,brichis#6933,ClaraZi#5313,miguelb#5176,50.97,144,False,for deploying the new praise botü§üüíö 
51,31,63345384b867a8bdb0786cbc,2022-09-28T14:00:36.447Z,kristofer#1475,Alireza7612#3020,for our new Praise!,63330f27b867a8bdb0786aa4,63331e10b867a8bdb0786ad2,63330f27b867a8bdb0786aa4,brichis#6933,ClaraZi#5313,miguelb#5176,7.77,144,False,for our new Praise!
52,1025,635a845f1ab998280302adc7,2022-09-27T22:00:00.000Z,geleeroyale#3228,raazz,for deploying the new praise botü§üüíö ,63331e10b867a8bdb0786ad9,633324a9b867a8bdb0786b02,63331e10b867a8bdb0786ad9,divine_comedian#5493,ClaraZi#5313,WhyldWanderer#7002,7.07,144,False,for deploying the new praise botü§üüíö 
55,1,63330f27b867a8bdb0786aa4,2022-09-27T14:56:39.630Z,kristofer#1475,geleeroyale#3228,for an awesomely painless installation - ‚≠ê‚≠ê‚≠ê‚≠ê‚≠ê for praisebot v2,0,635a845f1ab998280302adc6,0,brichis#6933,ClaraZi#5313,miguelb#5176,31.5,144,False,for an awesomely painless installation - ‚≠ê‚≠ê‚≠ê‚≠ê‚≠ê for praisebot v2
57,36,63345724b867a8bdb0786cfe,2022-09-28T14:16:04.375Z,kristofer#1475,MoeNick#1374,new bot praise,63330f27b867a8bdb0786aa4,635a845f1ab998280302adc6,63330f27b867a8bdb0786aa4,brichis#6933,ClaraZi#5313,miguelb#5176,7.77,144,False,new bot praise
58,37,63345ba1b867a8bdb0786d17,2022-09-28T14:35:13.671Z,kristofer#1475,miguelb#5176,for the new praise bot,63330f27b867a8bdb0786aa4,635a845f1ab998280302adc6,63330f27b867a8bdb0786aa4,brichis#6933,ClaraZi#5313,miguelb#5176,7.77,144,False,for the new praise bot
60,7,633324a9b867a8bdb0786b02,2022-09-27T16:28:25.659Z,geleeroyale#3228,Giantkin#8403,New Praisebot!,63331e10b867a8bdb0786ad9,0,63331e10b867a8bdb0786ad9,divine_comedian#5493,ClaraZi#5313,WhyldWanderer#7002,50.27,144,False,New Praisebot!
61,3,63331e10b867a8bdb0786ad2,2022-09-27T16:00:16.422Z,kristofer#1475,ahmad#7204,for getting praise v2 up and running,63330f27b867a8bdb0786aa4,0,63330f27b867a8bdb0786aa4,brichis#6933,ClaraZi#5313,miguelb#5176,50.97,144,False,for getting praise v2 up and running
62,25,63344f33b867a8bdb0786c67,2022-09-28T13:42:11.191Z,geleeroyale#3228,divine_comedian#5493,for the amazing praise bot and such a smooth installation,63331e10b867a8bdb0786ad9,633324a9b867a8bdb0786b02,63331e10b867a8bdb0786ad9,divine_comedian#5493,ClaraZi#5313,WhyldWanderer#7002,2.27,144,False,for the amazing praise bot and such a smooth installation
64,24,63344f32b867a8bdb0786c60,2022-09-28T13:42:10.883Z,kristofer#1475,divine_comedian#5493,for the amazing praise bot and such a smooth installation,63330f27b867a8bdb0786aa4,63331e10b867a8bdb0786ad2,63330f27b867a8bdb0786aa4,brichis#6933,ClaraZi#5313,miguelb#5176,7.77,144,False,for the amazing praise bot and such a smooth installation
65,27,63344fabb867a8bdb0786c86,2022-09-28T13:44:11.589Z,geleeroyale#3228,cuidadopeligro#4788,for deploying the new praise upgrade bot so fast!,63331e10b867a8bdb0786ad9,633324a9b867a8bdb0786b02,63331e10b867a8bdb0786ad9,divine_comedian#5493,ClaraZi#5313,WhyldWanderer#7002,7.07,144,False,for deploying the new praise upgrade bot so fast!
67,40,63345d65b867a8bdb0786d3a,2022-09-28T14:42:45.118Z,geleeroyale#3228,freshelle#9882,for setting up the new praise bot!,63331e10b867a8bdb0786ad9,633324a9b867a8bdb0786b02,63331e10b867a8bdb0786ad9,divine_comedian#5493,ClaraZi#5313,WhyldWanderer#7002,7.07,144,False,for setting up the new praise bot!
68,6,633324a9b867a8bdb0786afb,2022-09-27T16:28:25.434Z,kristofer#1475,Giantkin#8403,New Praisebot!,63330f27b867a8bdb0786aa4,635a845f1ab998280302adc6,63330f27b867a8bdb0786aa4,brichis#6933,ClaraZi#5313,miguelb#5176,4.8,144,False,New Praisebot!
70,512,634584f57492eab52e0d559c,2022-10-11T15:00:05.688Z,Cotabe#4096,WhyldWanderer#7002,for representing Giveth in talks at the DAOist and ETH Latam,63431fd57492eab52e0d5422,0,63431fd57492eab52e0d5422,brichis#6933,ClaraZi#5313,WhyldWanderer#7002,51.67,144,False,for representing Giveth in talks at the DAOist and ETH Latam
71,985,635a845f1ab998280302ad9f,2022-09-25T22:00:00.000Z,geleeroyale#3228,mateodaza#3156,for finding a way to keep the team connected during rough times ,635a845f1ab998280302ad9b,635a845f1ab998280302ada1,0,divine_comedian#5493,ClaraZi#5313,WhyldWanderer#7002,20.17,144,False,for finding a way to keep the team connected during rough times 
72,987,635a845f1ab998280302ada1,2022-09-25T22:00:00.000Z,geleeroyale#3228,Amin#2164,and for being careful for providing reliable connection for developers ,635a845f1ab998280302ad9b,0,635a845f1ab998280302ad9f,divine_comedian#5493,ClaraZi#5313,WhyldWanderer#7002,51.67,144,False,and for being careful for providing reliable connection for developers 
73,613,63482aab7492eab52e0d5a65,2022-10-13T15:11:39.180Z,Cotabe#4096,karmaticacid#1218,for representing Giveth at the DAOist & ETH latam in talks,63431fd57492eab52e0d5422,634584f57492eab52e0d559c,63431fd57492eab52e0d5422,brichis#6933,ClaraZi#5313,WhyldWanderer#7002,8.47,144,False,for representing Giveth at the DAOist & ETH latam in talks
74,582,6348250e7492eab52e0d58fa,2022-10-13T14:47:42.154Z,Cotabe#4096,divine_comedian#5493,for their great talks at the DAOist and ETH latam! Let's go Giveth and Regen economies!,63431fd57492eab52e0d5422,634584f57492eab52e0d559c,63431fd57492eab52e0d5422,brichis#6933,ClaraZi#5313,WhyldWanderer#7002,8.47,144,False,for their great talks at the DAOist and ETH latam! Let's go Giveth and Regen economies!
79,670,63483f6c7492eab52e0d5cd7,2022-10-13T16:40:12.741Z,HBesso31üêô#4560,WhyldWanderer#7002,for coming to today's community call to share Urbanika with us all üíú,634835797492eab52e0d5c17,0,0,brichis#6933,Almond | oyealmond#7049,hanners717#2022,32.03,89,False,for coming to today's community call to share Urbanika with us all üíú
85,327,633eede47492eab52e0d4d69,2022-10-06T15:01:56.775Z,Maryjaf#2478,Carlos096#8712,For being a great QA teammember!,0,633c4e8f7492eab52e0d484c,0,divine_comedian#5493,ClaraZi#5313,WhyldWanderer#7002,9.97,89,False,For being a great QA teammember!
88,122,6335b3dd7492eab52e0d4289,2022-09-29T15:03:57.656Z,Amin#2164,MoeShehab#3487,for contacting me to connect Dev team back online during the tough time,0,635a845f1ab998280302ad9a,0,divine_comedian#5493,ClaraZi#5313,hanners717#2022,9.97,89,False,for contacting me to connect Dev team back online during the tough time
91,355,633ef18f7492eab52e0d4ee2,2022-10-06T15:17:35.292Z,ahmad#7204,Dr. Suga#8514,newsletter,633e289b7492eab52e0d4b1e,63379c5c7492eab52e0d47aa,633e289b7492eab52e0d4b1e,brichis#6933,ClaraZi#5313,hanners717#2022,3.93,89,False,newsletter
93,304,633ec00d7492eab52e0d4c1d,2022-10-06T11:46:21.077Z,karmaticacid#1218,cuidadopeligro#4788,For making sure everything went smoothly with the GIVpower launching!,633d28af7492eab52e0d48f8,0,0,cuidadopeligro#4788,Almond | oyealmond#7049,hanners717#2022,32.77,89,False,For making sure everything went smoothly with the GIVpower launching!
95,906,635a845f1ab998280302ad50,2022-09-21T22:00:00.000Z,Cotabe#4096,Cori#8483,for repping Giveth & our GR15 grant in Twitter Spaces! ,635a845f1ab998280302ac9b,0,635a845f1ab998280302acfb,brichis#6933,ClaraZi#5313,WhyldWanderer#7002,30.8,89,False,for repping Giveth & our GR15 grant in Twitter Spaces! 
99,130,6335b4b37492eab52e0d4315,2022-09-29T15:07:31.544Z,Amin#2164,Carlos096#8712,He is a great team lead and did tons of work for givpower!,63353a48d16d86c7a136ebb4,0,0,divine_comedian#5493,ClaraZi#5313,hanners717#2022,36.97,89,False,He is a great team lead and did tons of work for givpower!
100,123,6335b4327492eab52e0d42ad,2022-09-29T15:05:22.568Z,Kurt_M#7842,Amin#2164,for creating an impressive PR for minter contract,0,6335af3a7492eab52e0d3f9d,0,divine_comedian#5493,geleeroyale#3228,hanners717#2022,35.13,89,False,for creating an impressive PR for minter contract
101,988,635a845f1ab998280302ada2,2022-09-25T22:00:00.000Z,MoeShehab#3487,Amin#2164,and for being careful for providing reliable connection for developers ,635a845f1ab998280302ad99,0,635a845f1ab998280302ad99,cuidadopeligro#4788,Almond | oyealmond#7049,WhyldWanderer#7002,9.13,89,False,and for being careful for providing reliable connection for developers 
103,986,635a845f1ab998280302ada0,2022-09-25T22:00:00.000Z,MoeShehab#3487,mateodaza#3156,for finding a way to keep the team connected during rough times ,635a845f1ab998280302ad99,0,635a845f1ab998280302ad99,cuidadopeligro#4788,Almond | oyealmond#7049,WhyldWanderer#7002,9.13,89,False,for finding a way to keep the team connected during rough times 
110,543,6346c4a67492eab52e0d5766,2022-10-12T13:44:06.738Z,Amin#2164,freshelle#9882,for addressing Giveth Trace DApp issues so quickly,634321377492eab52e0d5457,0,0,divine_comedian#5493,ClaraZi#5313,hanners717#2022,35.83,89,False,for addressing Giveth Trace DApp issues so quickly
113,260,633daf8f7492eab52e0d49ef,2022-10-05T16:23:43.590Z,Nikola Creatrix#5026,Almond | oyealmond#7049,"For making a great meet the makers curation inviting great Education Giveth projects, and preparing a great script and dynamic to host the session",633da38c7492eab52e0d4983,633da38c7492eab52e0d4983,0,cuidadopeligro#4788,Almond | oyealmond#7049,hanners717#2022,6.17,89,False,"For making a great meet the makers curation inviting great Education Giveth projects, and preparing a great script and dynamic to host the session"
117,215,63379c5c7492eab52e0d47aa,2022-10-01T01:48:12.574Z,ahmad#7204,karmaticacid#1218,for getting the September newsletter out so fast and so well!,0,0,6335b2f57492eab52e0d4197,brichis#6933,ClaraZi#5313,hanners717#2022,41.43,89,False,for getting the September newsletter out so fast and so well!
118,1036,635a845f1ab998280302add2,2022-09-28T22:00:00.000Z,Ramin#4479,Carlos096#8712,for being awesome frontend devs! ,635a845f1ab998280302acf5,0,635a845f1ab998280302acf5,divine_comedian#5493,geleeroyale#3228,WhyldWanderer#7002,7.73,89,False,for being awesome frontend devs! 
128,817,635a845f1ab998280302acf7,2022-09-21T22:00:00.000Z,Alireza7612#3020,Carlos096#8712,for being awesome frontend devs! ,0,635a845f1ab998280302ad29,0,divine_comedian#5493,ClaraZi#5313,WhyldWanderer#7002,39.63,89,False,for being awesome frontend devs! 
132,910,635a845f1ab998280302ad54,2022-09-21T22:00:00.000Z,Almond | oyealmond#7049,Cori#8483,for organizing so many great Twitter spaces ,635a845f1ab998280302ac8e,635a845f1ab998280302ac8c,635a845f1ab998280302ac8e,cuidadopeligro#4788,ClaraZi#5313,miguelb#5176,5.5,89,False,for organizing so many great Twitter spaces 
133,1035,635a845f1ab998280302add1,2022-09-28T22:00:00.000Z,Alireza7612#3020,Carlos096#8712,for being awesome frontend devs! ,635a845f1ab998280302acf7,635a845f1ab998280302ad29,0,divine_comedian#5493,ClaraZi#5313,WhyldWanderer#7002,12.93,89,False,for being awesome frontend devs! 
135,155,6335b6507492eab52e0d4487,2022-09-29T15:14:24.235Z,Maryjaf#2478,Carlos096#8712,for testing and reporting issues on new features! Insane QA tester! glad to have you in the team!,6335b25f7492eab52e0d413d,6335b25f7492eab52e0d413d,0,divine_comedian#5493,ClaraZi#5313,WhyldWanderer#7002,11.8,89,False,for testing and reporting issues on new features! Insane QA tester! glad to have you in the team!
137,867,635a845f1ab998280302ad29,2022-09-21T22:00:00.000Z,Alireza7612#3020,mohammad_ranjbar_z#2709,you are the best frontend DEVs ever ,635a845f1ab998280302acf7,0,635a845f1ab998280302acf7,divine_comedian#5493,ClaraZi#5313,WhyldWanderer#7002,33.33,89,False,you are the best frontend DEVs ever 
138,970,635a845f1ab998280302ad90,2022-09-21T22:00:00.000Z,divine_comedian#5493,Danibelle the Uno and Only#6791,"for clearly and concisely coordinating the creation of a Peaise Reward Team! Stewarding the RewardDAO back in the day led me to stewarding the Governance Circle which you have since led with greatness right around full circle to rewarding contributors, better üòÄ ",0,635a845f1ab998280302ad27,0,brichis#6933,geleeroyale#3228,WhyldWanderer#7002,37.37,89,False,"for clearly and concisely coordinating the creation of a Peaise Reward Team! Stewarding the RewardDAO back in the day led me to stewarding the Governance Circle which you have since led with greatness right around full circle to rewarding contributors, better üòÄ "
139,621,63482ae07492eab52e0d5aad,2022-10-13T15:12:32.613Z,MoeNick#1374,karmaticacid#1218,for coordinating the regen farms fox/xdai launch,0,634827367492eab52e0d59ba,0,brichis#6933,geleeroyale#3228,miguelb#5176,37.8,89,False,for coordinating the regen farms fox/xdai launch
140,88,6335b2027492eab52e0d40c6,2022-09-29T14:56:02.428Z,Amin#2164,mohammad_ranjbar_z#2709,"For his effort on givPower, I learned a lot from him during these weeks",63353a48d16d86c7a136ebb4,0,0,divine_comedian#5493,ClaraZi#5313,hanners717#2022,28.3,89,False,"For his effort on givPower, I learned a lot from him during these weeks"
145,963,635a845f1ab998280302ad89,2022-09-21T22:00:00.000Z,Josh TheStandard.io Vaultoro.com#8888,WhyldWanderer#7002,for joining our community call to share about The Standard üíú ,635a845f1ab998280302ad5f,0,635a845f1ab998280302ad5f,cuidadopeligro#4788,Almond | oyealmond#7049,miguelb#5176,31.07,89,False,for joining our community call to share about The Standard üíú 
148,341,633eeeb17492eab52e0d4e24,2022-10-06T15:05:21.359Z,MoeShehab#3487,divine_comedian#5493,for their work on setting up solid and reliable vpn access for our team,0,635a845f1ab998280302ad9c,635a845f1ab998280302ad99,cuidadopeligro#4788,Almond | oyealmond#7049,WhyldWanderer#7002,11.1,89,False,for their work on setting up solid and reliable vpn access for our team
149,712,635a845f1ab998280302ac8e,2022-09-19T22:00:00.000Z,Almond | oyealmond#7049,Sym#3186,for all the work on twitter spaces and amplifying Giveth! ,0,635a845f1ab998280302ac8c,0,cuidadopeligro#4788,ClaraZi#5313,miguelb#5176,28.3,89,False,for all the work on twitter spaces and amplifying Giveth! 
150,602,634829fa7492eab52e0d59d8,2022-10-13T15:08:42.833Z,karmaticacid#1218,"Griff (üíú,üíú)#8888",For the epic money game talk,634825367492eab52e0d5910,634825367492eab52e0d5910,0,cuidadopeligro#4788,Almond | oyealmond#7049,hanners717#2022,12.93,89,False,For the epic money game talk
151,140,6335b54e7492eab52e0d43aa,2022-09-29T15:10:06.190Z,Ramin#4479,Amin#2164,for being a diligent frontend developer,6335b2b37492eab52e0d416a,6335b2b37492eab52e0d416a,0,divine_comedian#5493,geleeroyale#3228,WhyldWanderer#7002,11.1,89,False,for being a diligent frontend developer
152,144,6335b5797492eab52e0d43df,2022-09-29T15:10:49.572Z,Ramin#4479,Carlos096#8712,for being a diligent frontend dev!,6335b2b37492eab52e0d416a,6335b2b37492eab52e0d416a,6335b54e7492eab52e0d43aa,divine_comedian#5493,geleeroyale#3228,WhyldWanderer#7002,4.8,89,False,for being a diligent frontend dev!
153,875,635a845f1ab998280302ad31,2022-09-21T22:00:00.000Z,Maryjaf#2478,mohammad_ranjbar_z#2709,For finding bugs before end users find themüòé ,0,635a845f1ab998280302ad5e,0,divine_comedian#5493,ClaraZi#5313,WhyldWanderer#7002,32.63,89,False,For finding bugs before end users find themüòé 
154,705,635a845f1ab998280302ac87,2022-09-18T22:00:00.000Z,Cotabe#4096,ClaraZi#5313,for leading the discussion on GPS enabling us to assign tasks for next steps ,635a845f1ab998280302ac88,0,635a845f1ab998280302ac80,brichis#6933,ClaraZi#5313,WhyldWanderer#7002,32.63,89,False,for leading the discussion on GPS enabling us to assign tasks for next steps 
155,182,6336432f7492eab52e0d4652,2022-09-30T01:15:27.972Z,Cherik#4711,karmaticacid#1218,"for working late on GIVeconomy, devving, reviwing & merging PRs",633630577492eab52e0d4642,0,0,brichis#6933,Almond | oyealmond#7049,miguelb#5176,42.13,89,False,"for working late on GIVeconomy, devving, reviwing & merging PRs"
158,708,635a845f1ab998280302ac8a,2022-09-19T22:00:00.000Z,Cotabe#4096,cuidadopeligro#4788,for pushing forward the GPS conversation! ,635a845f1ab998280302ac88,635a845f1ab998280302ac89,635a845f1ab998280302ac80,brichis#6933,ClaraZi#5313,WhyldWanderer#7002,5.93,89,False,for pushing forward the GPS conversation! 
161,707,635a845f1ab998280302ac89,2022-09-19T22:00:00.000Z,Cotabe#4096,tropicalmango#3240,for leading initiative on gps session ,635a845f1ab998280302ac88,0,635a845f1ab998280302ac80,brichis#6933,ClaraZi#5313,WhyldWanderer#7002,32.63,89,False,for leading initiative on gps session 
162,771,635a845f1ab998280302acc9,2022-09-21T22:00:00.000Z,dhtal#0463,"Griff (üíú,üíú)#8888",from the Ichi team for helping us set up and manage the angel vault while most of the crew was gone. HEROES ,635a845f1ab998280302acc3,0,635a845f1ab998280302acc3,divine_comedian#5493,Almond | oyealmond#7049,miguelb#5176,31.93,89,False,from the Ichi team for helping us set up and manage the angel vault while most of the crew was gone. HEROES 
163,761,635a845f1ab998280302acbf,2022-09-21T22:00:00.000Z,Maryjaf#2478,divine_comedian#5493,for doing an amazing job testing and keeping issues up to date ,0,635a845f1ab998280302ad5e,0,divine_comedian#5493,ClaraZi#5313,WhyldWanderer#7002,43.97,89,False,for doing an amazing job testing and keeping issues up to date 
164,548,6346d44e7492eab52e0d57b1,2022-10-12T14:50:54.484Z,Maryjaf#2478,WhyldWanderer#7002,for the hours spent testing mandatory updates for verified projects üöÄ,0,6345ce557492eab52e0d5738,0,divine_comedian#5493,ClaraZi#5313,WhyldWanderer#7002,43.97,89,False,for the hours spent testing mandatory updates for verified projects üöÄ
167,181,633630577492eab52e0d4642,2022-09-29T23:55:03.054Z,Cherik#4711,mateodaza#3156,for late night merging time,0,0,6336432f7492eab52e0d4652,brichis#6933,Almond | oyealmond#7049,miguelb#5176,42.13,89,False,for late night merging time
174,916,635a845f1ab998280302ad5a,2022-09-21T22:00:00.000Z,hanners717#2022,Nicbals#2154,and for a productive HR Monthly call earlier ,635a845f1ab998280302acd6,0,0,divine_comedian#5493,Almond | oyealmond#7049,WhyldWanderer#7002,20.17,55,False,and for a productive HR Monthly call earlier 
184,866,635a845f1ab998280302ad28,2022-09-21T22:00:00.000Z,karmaticacid#1218,mohammad_ranjbar_z#2709,for managing priorities for givPower and givEconomy ,0,0,635a845f1ab998280302acc1,cuidadopeligro#4788,Almond | oyealmond#7049,hanners717#2022,21.27,55,False,for managing priorities for givPower and givEconomy 
186,213,63379c457492eab52e0d4794,2022-10-01T01:47:49.177Z,Cori#8483,karmaticacid#1218,for keeping the giveth twitter alive and well while I was away,0,635a845f1ab998280302acec,0,divine_comedian#5493,Almond | oyealmond#7049,hanners717#2022,8.83,55,False,for keeping the giveth twitter alive and well while I was away
188,893,635a845f1ab998280302ad43,2022-09-21T22:00:00.000Z,"Griff (üíú,üíú)#8888",Yass#3392,for his support in pitching Giveth to investors and partners! ,0,635a845f1ab998280302ad06,0,cuidadopeligro#4788,geleeroyale#3228,miguelb#5176,11.5,55,False,for his support in pitching Giveth to investors and partners! 
191,273,633db4e27492eab52e0d4a7a,2022-10-05T16:46:26.357Z,WhyldWanderer#7002,ClaraZi#5313,for supporting today's Meet the Maker session in the live-chat and the run-up preparations,633daf607492eab52e0d49d9,633daf607492eab52e0d49d9,633db2e37492eab52e0d4a0d,divine_comedian#5493,ClaraZi#5313,hanners717#2022,2.53,55,False,for supporting today's Meet the Maker session in the live-chat and the run-up preparations
193,793,635a845f1ab998280302acdf,2022-09-21T22:00:00.000Z,Cori#8483,karmaticacid#1218,for keeping the giveth twitter great while I was away ,635a845f1ab998280302acd8,0,0,divine_comedian#5493,Almond | oyealmond#7049,hanners717#2022,22.13,55,False,for keeping the giveth twitter great while I was away 
198,832,635a845f1ab998280302ad06,2022-09-21T22:00:00.000Z,"Griff (üíú,üíú)#8888",karmaticacid#1218,for setting up many calls with potential investors and keeping giveth's heart beating ,635a845f1ab998280302ad43,0,0,cuidadopeligro#4788,geleeroyale#3228,miguelb#5176,21.7,55,False,for setting up many calls with potential investors and keeping giveth's heart beating 
201,121,6335b3dd7492eab52e0d4282,2022-09-29T15:03:57.603Z,mohammad_ranjbar_z#2709,Amin#2164,for being greate talented backend developer who produce and review code highest care,63353acdd16d86c7a136ebc3,0,0,brichis#6933,geleeroyale#3228,miguelb#5176,21.7,55,False,for being greate talented backend developer who produce and review code highest care
206,89,6335b21a7492eab52e0d40d6,2022-09-29T14:56:26.995Z,divine_comedian#5493,mohammad_ranjbar_z#2709,"For following up praise bot upgrading, it's really cool now",63330f24b867a8bdb0786a9c,0,63330f24b867a8bdb0786a9c,brichis#6933,geleeroyale#3228,WhyldWanderer#7002,7.3,55,False,"For following up praise bot upgrading, it's really cool now"
208,638,63482f657492eab52e0d5b9d,2022-10-13T15:31:49.390Z,Cherik#4711,Amin#2164,for being on top of giveh.io frontend and fix issues immediately and following up deployment,63482ae07492eab52e0d5aa6,0,0,brichis#6933,Almond | oyealmond#7049,miguelb#5176,24.5,55,False,for being on top of giveh.io frontend and fix issues immediately and following up deployment
209,527,6345868e7492eab52e0d567b,2022-10-11T15:06:54.610Z,cuidadopeligro#4788,Nikola Creatrix#5026,for his hard work around taking the leadership of the reward team,0,0,635a845f1ab998280302ad8a,divine_comedian#5493,geleeroyale#3228,WhyldWanderer#7002,13.17,55,False,for his hard work around taking the leadership of the reward team
215,966,635a845f1ab998280302ad8c,2022-09-21T22:00:00.000Z,divine_comedian#5493,fuscia,For stepping up and taking on the roll of being the first Praise Coordinator!! Thank you! ,0,635a845f1ab998280302ad27,0,brichis#6933,geleeroyale#3228,WhyldWanderer#7002,23.37,55,False,For stepping up and taking on the roll of being the first Praise Coordinator!! Thank you! 
217,262,633db2e37492eab52e0d4a0d,2022-10-05T16:37:55.066Z,WhyldWanderer#7002,Nikola Creatrix#5026,for all the good work around MTM we made a great tream!,0,633daf607492eab52e0d49d9,0,divine_comedian#5493,ClaraZi#5313,hanners717#2022,13.17,55,False,for all the good work around MTM we made a great tream!
218,261,633db2aa7492eab52e0d49fe,2022-10-05T16:36:58.339Z,Almond | oyealmond#7049,Nikola Creatrix#5026,"for excellent work on MTM communications, always providing great feedback and inspiring me to making it happen!",633da38c7492eab52e0d497c,0,0,cuidadopeligro#4788,ClaraZi#5313,miguelb#5176,23.37,55,False,"for excellent work on MTM communications, always providing great feedback and inspiring me to making it happen!"
221,242,633d4b3b7492eab52e0d491d,2022-10-05T09:15:39.025Z,karmaticacid#1218,Jakeüêç#0203,"as well, GIVpower is amazing and going to do so much for Giveth! Well done, and anyone else involved",633d28af7492eab52e0d48f8,0,0,cuidadopeligro#4788,Almond | oyealmond#7049,hanners717#2022,23.1,55,False,"as well, GIVpower is amazing and going to do so much for Giveth! Well done, and anyone else involved"
229,789,635a845f1ab998280302acdb,2022-09-21T22:00:00.000Z,WhyldWanderer#7002,karmaticacid#1218,for making sure GIVbacks get out and catherding voters ,635a845f1ab998280302acbb,0,635a845f1ab998280302acbb,divine_comedian#5493,ClaraZi#5313,hanners717#2022,19.9,55,False,for making sure GIVbacks get out and catherding voters 
233,358,633ef20c7492eab52e0d4f0f,2022-10-06T15:19:40.881Z,WhyldWanderer#7002,Dr. Suga#8514,meet the makers,633db2e37492eab52e0d4a0d,633daf607492eab52e0d49d9,633db2e37492eab52e0d4a0d,divine_comedian#5493,ClaraZi#5313,hanners717#2022,2.97,55,False,meet the makers
239,308,633ec19e7492eab52e0d4c5a,2022-10-06T11:53:02.528Z,divine_comedian#5493,cuidadopeligro#4788,For being an amazing DAO steward and always keeping the Governance call so interesting and taking the time to teach me how to use a code editor for the docs repository!,0,633b080a7492eab52e0d47ce,0,brichis#6933,geleeroyale#3228,WhyldWanderer#7002,25.77,55,False,For being an amazing DAO steward and always keeping the Governance call so interesting and taking the time to teach me how to use a code editor for the docs repository!
248,767,635a845f1ab998280302acc5,2022-09-21T22:00:00.000Z,divine_comedian#5493,"Griff (üíú,üíú)#8888","for pushing the revenue streams, and just being such an amazing leader in our community ",0,635a845f1ab998280302acb3,0,brichis#6933,geleeroyale#3228,WhyldWanderer#7002,23.8,55,False,"for pushing the revenue streams, and just being such an amazing leader in our community "
249,806,635a845f1ab998280302acec,2022-09-21T22:00:00.000Z,Cori#8483,karmaticacid#1218,for managing the comms team while I was away ,635a845f1ab998280302acd8,0,0,divine_comedian#5493,Almond | oyealmond#7049,hanners717#2022,23.8,55,False,for managing the comms team while I was away 
252,706,635a845f1ab998280302ac88,2022-09-18T22:00:00.000Z,Cotabe#4096,Almond | oyealmond#7049,for organizing GPS session #2! ,0,635a845f1ab998280302ac80,635a845f1ab998280302ac80,brichis#6933,ClaraZi#5313,WhyldWanderer#7002,13.6,55,False,for organizing GPS session #2! 
254,715,635a845f1ab998280302ac91,2022-09-20T22:00:00.000Z,Bowen,freshelle#9882,for signing in the Giveth bridge so payments can go out. ,0,0,634638ca7492eab52e0d5748,cuidadopeligro#4788,Almond | oyealmond#7049,WhyldWanderer#7002,17.5,55,False,for signing in the Giveth bridge so payments can go out. 
255,1011,635a845f1ab998280302adb9,2022-09-26T22:00:00.000Z,Nikola Creatrix#5026,Nikola Creatrix#5026,for great team work on MTM event ,635a845f1ab998280302adae,0,0,cuidadopeligro#4788,Almond | oyealmond#7049,hanners717#2022,23.1,55,False,for great team work on MTM event 
257,857,635a845f1ab998280302ad1f,2022-09-21T22:00:00.000Z,WhyldWanderer#7002,mohammad_ranjbar_z#2709,For handling and managing all givback stuffs ,635a845f1ab998280302acbb,0,635a845f1ab998280302acbb,divine_comedian#5493,ClaraZi#5313,hanners717#2022,19.9,55,False,For handling and managing all givback stuffs 
258,698,635a845f1ab998280302ac80,2022-09-18T22:00:00.000Z,Cotabe#4096,ClaraZi#5313,for organising GPS 2 session to track Giveth progress ,635a845f1ab998280302ac88,0,0,brichis#6933,ClaraZi#5313,WhyldWanderer#7002,23.8,55,False,for organising GPS 2 session to track Giveth progress 
259,292,633e8f3c7492eab52e0d4b81,2022-10-06T08:18:04.463Z,geleeroyale#3228,Alireza7612#3020,for email creation and for the new VPN connection!,6335b39c7492eab52e0d4229,0,0,divine_comedian#5493,ClaraZi#5313,WhyldWanderer#7002,17.5,55,False,for email creation and for the new VPN connection!
262,700,635a845f1ab998280302ac82,2022-09-18T22:00:00.000Z,Cotabe#4096,Jakeüêç#0203,"for the upcoming GPS 2 session, can't wait! ",635a845f1ab998280302ac88,635a845f1ab998280302ac80,635a845f1ab998280302ac80,brichis#6933,ClaraZi#5313,WhyldWanderer#7002,3.4,55,False,"for the upcoming GPS 2 session, can't wait! "
264,477,6342795c7492eab52e0d540c,2022-10-09T07:33:48.226Z,Carlos096#8712,mohammad_ranjbar_z#2709,For colelcting informations about emails and segment events,633eec897492eab52e0d4c8d,0,0,divine_comedian#5493,Almond | oyealmond#7049,miguelb#5176,15.83,55,False,For colelcting informations about emails and segment events
267,513,634584f57492eab52e0d55a3,2022-10-11T15:00:05.922Z,mateodaza#3156,WhyldWanderer#7002,for representing Giveth in talks at the DAOist and ETH Latam,63431fd57492eab52e0d5429,63431fd57492eab52e0d5429,0,divine_comedian#5493,Almond | oyealmond#7049,miguelb#5176,23.13,89,False,for representing Giveth in talks at the DAOist and ETH Latam
268,640,63482fe67492eab52e0d5bbc,2022-10-13T15:33:58.980Z,mateodaza#3156,Cotabe#4096,for working on the DAOist presentation with me. I think we rocked it for being a first at least,63431fd57492eab52e0d5429,63431fd57492eab52e0d5429,634584f57492eab52e0d55a3,divine_comedian#5493,Almond | oyealmond#7049,miguelb#5176,5.93,89,False,for working on the DAOist presentation with me. I think we rocked it for being a first at least
269,366,633f08987492eab52e0d4f76,2022-10-06T16:55:52.418Z,cuidadopeligro#4788,kristofer#1475,for taking on the role as Praise Lead!,633ecd257492eab52e0d4c6e,633ecd257492eab52e0d4c6e,635a845f1ab998280302ad8a,divine_comedian#5493,geleeroyale#3228,WhyldWanderer#7002,3.23,55,False,for taking on the role as Praise Lead!
272,69,6335afb47492eab52e0d3fea,2022-09-29T14:46:12.285Z,mateodaza#3156,divine_comedian#5493,"for championing the internationalization of the dapp, including spanish translations!",0,635a845f1ab998280302acbc,0,divine_comedian#5493,Almond | oyealmond#7049,miguelb#5176,15.83,55,False,"for championing the internationalization of the dapp, including spanish translations!"
273,583,6348250e7492eab52e0d5901,2022-10-13T14:47:42.351Z,mateodaza#3156,divine_comedian#5493,for their great talks at the DAOist and ETH latam! Let's go Giveth and Regen economies!,63431fd57492eab52e0d5429,63431fd57492eab52e0d5429,634584f57492eab52e0d55a3,divine_comedian#5493,Almond | oyealmond#7049,miguelb#5176,6.63,89,False,for their great talks at the DAOist and ETH latam! Let's go Giveth and Regen economies!
274,979,635a845f1ab998280302ad99,2022-09-25T22:00:00.000Z,MoeShehab#3487,mohammad_ranjbar_z#2709,For creating new wiregaurd vpn clients ,0,635a845f1ab998280302ad9c,0,cuidadopeligro#4788,Almond | oyealmond#7049,WhyldWanderer#7002,49.13,89,False,For creating new wiregaurd vpn clients 
275,844,635a845f1ab998280302ad12,2022-09-21T22:00:00.000Z,MoeNick#1374,mohammad_ranjbar_z#2709,"For organizing resources, board, roadmap, ... ",0,635a845f1ab998280302aceb,0,brichis#6933,geleeroyale#3228,miguelb#5176,12.47,34,False,"For organizing resources, board, roadmap, ... "
276,982,635a845f1ab998280302ad9c,2022-09-25T22:00:00.000Z,MoeShehab#3487,Alireza7612#3020,and for our new VPN connections! ,635a845f1ab998280302ad99,0,635a845f1ab998280302ad99,cuidadopeligro#4788,Almond | oyealmond#7049,WhyldWanderer#7002,23.13,89,False,and for our new VPN connections! 
279,614,63482aab7492eab52e0d5a6c,2022-10-13T15:11:39.384Z,mateodaza#3156,karmaticacid#1218,for representing Giveth at the DAOist & ETH latam in talks,63431fd57492eab52e0d5429,63431fd57492eab52e0d5429,634584f57492eab52e0d55a3,divine_comedian#5493,Almond | oyealmond#7049,miguelb#5176,6.63,89,False,for representing Giveth at the DAOist & ETH latam in talks
280,15,6333599eb867a8bdb0786b9d,2022-09-27T20:14:22.060Z,MoeNick#1374,karmaticacid#1218,for coordinating GIVpower testing deployments late at night,635a845f1ab998280302adc0,0,635a845f1ab998280302adc0,brichis#6933,geleeroyale#3228,miguelb#5176,1.83,34,False,for coordinating GIVpower testing deployments late at night
281,1013,635a845f1ab998280302adbb,2022-09-26T22:00:00.000Z,cuidadopeligro#4788,Nikola Creatrix#5026,"for stepping up into reward lead, excited to work closer with you ",635a845f1ab998280302ad8a,0,635a845f1ab998280302ad8a,divine_comedian#5493,geleeroyale#3228,WhyldWanderer#7002,9.53,55,False,"for stepping up into reward lead, excited to work closer with you "
283,593,634826197492eab52e0d596f,2022-10-13T14:52:09.248Z,geleeroyale#3228,divine_comedian#5493,"for working on importing our old praise data into the dashboard, taking us closer to begin quantification!",634586ba7492eab52e0d56a8,0,0,divine_comedian#5493,ClaraZi#5313,WhyldWanderer#7002,20.17,55,False,"for working on importing our old praise data into the dashboard, taking us closer to begin quantification!"
284,435,633f40007492eab52e0d51d2,2022-10-06T20:52:16.840Z,MoeShehab#3487,geleeroyale#3228,or porting our whole kubernetes system to another provider as well as being conservative of our resources,0,635a845f1ab998280302ac8b,0,cuidadopeligro#4788,Almond | oyealmond#7049,WhyldWanderer#7002,26.03,55,False,or porting our whole kubernetes system to another provider as well as being conservative of our resources
285,794,635a845f1ab998280302ace0,2022-09-21T22:00:00.000Z,Almond | oyealmond#7049,karmaticacid#1218,for keeping the giveth twitter great while I was away ,635a845f1ab998280302ac8e,0,635a845f1ab998280302ac8e,cuidadopeligro#4788,ClaraZi#5313,miguelb#5176,20.87,55,False,for keeping the giveth twitter great while I was away 
286,115,6335b39d7492eab52e0d4230,2022-09-29T15:02:53.459Z,MoeShehab#3487,mohammad_ranjbar_z#2709,For setting up wiregaurd VPNs,635a845f1ab998280302ad99,635a845f1ab998280302ad9c,635a845f1ab998280302ad99,cuidadopeligro#4788,Almond | oyealmond#7049,WhyldWanderer#7002,5.93,89,False,For setting up wiregaurd VPNs
292,470,63405c667492eab52e0d538c,2022-10-07T17:05:42.567Z,cuidadopeligro#4788,fuscia,"Thank you for taking on this role of taking charge of the Rewards Team, I am really looking forward to working with you and dishing out that Love.",0,633ecd257492eab52e0d4c6e,635a845f1ab998280302ad8a,divine_comedian#5493,geleeroyale#3228,WhyldWanderer#7002,9.53,55,False,"Thank you for taking on this role of taking charge of the Rewards Team, I am really looking forward to working with you and dishing out that Love."
295,624,63482b1b7492eab52e0d5ada,2022-10-13T15:13:31.374Z,"Griff (üíú,üíú)#8888",divine_comedian#5493,"for being the best giveth cheerleader and working tirelessly on approaching investors, funders and partners IRL at all events in bogota",63482a627492eab52e0d5a14,63482a627492eab52e0d5a14,0,cuidadopeligro#4788,geleeroyale#3228,miguelb#5176,9.97,55,False,"for being the best giveth cheerleader and working tirelessly on approaching investors, funders and partners IRL at all events in bogota"
320,119,6335b3dc7492eab52e0d426b,2022-09-29T15:03:56.655Z,freshelle#9882,karmaticacid#1218,for keeping so many things on track for payments!,6335b3417492eab52e0d41dc,6335b3417492eab52e0d41dc,0,cuidadopeligro#4788,ClaraZi#5313,hanners717#2022,4.23,34,False,for keeping so many things on track for payments!
323,423,633f1ffd7492eab52e0d5135,2022-10-06T18:35:41.021Z,RachaelMalachy#5837,WhyldWanderer#7002,for participating in today's Praise Community Demo and AMA! üôè,633eed097492eab52e0d4cf8,0,0,cuidadopeligro#4788,Almond | oyealmond#7049,WhyldWanderer#7002,8.13,34,False,for participating in today's Praise Community Demo and AMA! üôè
324,417,633f1ffa7492eab52e0d5109,2022-10-06T18:35:38.929Z,cuidadopeligro#4788,WhyldWanderer#7002,for participating in today's Praise Community Demo and AMA! üôè,633f08f57492eab52e0d4f8c,633f08f57492eab52e0d4f8c,0,divine_comedian#5493,geleeroyale#3228,WhyldWanderer#7002,3.8,34,False,for participating in today's Praise Community Demo and AMA! üôè
331,445,633f40a27492eab52e0d5248,2022-10-06T20:54:58.829Z,Nicbals#2154,geleeroyale#3228,for their unrelentless reminding üêà,633e28b67492eab52e0d4b3d,0,0,divine_comedian#5493,Almond | oyealmond#7049,miguelb#5176,6.47,34,False,for their unrelentless reminding üêà
332,810,635a845f1ab998280302acf0,2022-09-21T22:00:00.000Z,MoeNick#1374,MoeShehab#3487,"for always helping out with team availability and delegation, hope you feel better now ",0,635a845f1ab998280302aceb,0,brichis#6933,geleeroyale#3228,miguelb#5176,15.13,34,False,"for always helping out with team availability and delegation, hope you feel better now "
335,460,634010447492eab52e0d52f0,2022-10-07T11:40:52.419Z,Jakeüêç#0203,Yass#3392,for his continuous support on grants,0,633eee2b7492eab52e0d4db4,0,brichis#6933,geleeroyale#3228,hanners717#2022,8.13,34,False,for his continuous support on grants
354,976,635a845f1ab998280302ad96,2022-09-22T22:00:00.000Z,divine_comedian#5493,Carlos096#8712,"Amazing contributor to giveth, glad to have you back, he is everywhere! ",0,0,635a845f1ab998280302ad95,brichis#6933,geleeroyale#3228,WhyldWanderer#7002,14.43,34,False,"Amazing contributor to giveth, glad to have you back, he is everywhere! "
357,743,635a845f1ab998280302acad,2022-09-21T22:00:00.000Z,tropicalmango#3240,ClaraZi#5313,for ideas and info on tracking to understand how our platform is being used and how people find out about Giveth on internet ,635a845f1ab998280302aca9,0,0,brichis#6933,Almond | oyealmond#7049,miguelb#5176,8.13,34,False,for ideas and info on tracking to understand how our platform is being used and how people find out about Giveth on internet 
359,165,6335bd0a7492eab52e0d4533,2022-09-29T15:43:06.391Z,Cotabe#4096,Cori#8483,for pushing forward the FOX / xDAI RegenFarm comms + DumpPoWETH and tweet prepping!,635a845f1ab998280302adab,635a845f1ab998280302adab,0,brichis#6933,ClaraZi#5313,WhyldWanderer#7002,4.93,34,False,for pushing forward the FOX / xDAI RegenFarm comms + DumpPoWETH and tweet prepping!
360,108,6335b3407492eab52e0d41d5,2022-09-29T15:01:20.834Z,"Griff (üíú,üíú)#8888",mohammad_ranjbar_z#2709,For taking care of payments,0,6335af3e7492eab52e0d3fad,6335af3e7492eab52e0d3fad,cuidadopeligro#4788,geleeroyale#3228,miguelb#5176,5.73,34,False,For taking care of payments
362,996,635a845f1ab998280302adaa,2022-09-25T22:00:00.000Z,Cori#8483,karmaticacid#1218,"for doing a great job keeping the twitter alive, for taking over comms call community updates and for pushing forward into creating her role proposal! you did SO much while I was away, and I'm super grateful!! ",635a845f1ab998280302acd8,0,0,divine_comedian#5493,Almond | oyealmond#7049,hanners717#2022,15.13,34,False,"for doing a great job keeping the twitter alive, for taking over comms call community updates and for pushing forward into creating her role proposal! you did SO much while I was away, and I'm super grateful!! "
363,156,6335b6647492eab52e0d4496,2022-09-29T15:14:44.289Z,MoeNick#1374,Carlos096#8712,For being an awesome PM and setting the priorities right!,0,6335b59d7492eab52e0d440c,6335b59d7492eab52e0d440c,brichis#6933,geleeroyale#3228,miguelb#5176,12.3,34,False,For being an awesome PM and setting the priorities right!
365,151,6335b5ed7492eab52e0d4449,2022-09-29T15:12:45.412Z,Cori#8483,karmaticacid#1218,for stepping fully into the role of comms lead & working on her role proposal!,635a845f1ab998280302adbf,0,0,divine_comedian#5493,Almond | oyealmond#7049,hanners717#2022,15.13,34,False,for stepping fully into the role of comms lead & working on her role proposal!
368,113,6335b38b7492eab52e0d421a,2022-09-29T15:02:35.828Z,"Griff (üíú,üíú)#8888",MoeShehab#3487,For also yaking care of payments,6335b3407492eab52e0d41d5,6335af3e7492eab52e0d3fad,6335af3e7492eab52e0d3fad,cuidadopeligro#4788,geleeroyale#3228,miguelb#5176,1.83,34,False,For also yaking care of payments
369,628,63482b2d7492eab52e0d5b06,2022-10-13T15:13:49.326Z,Jakeüêç#0203,karmaticacid#1218,for following up with giveth partnerships & never dropping the ball,634825cd7492eab52e0d594a,634825777492eab52e0d5934,634825cd7492eab52e0d594a,brichis#6933,geleeroyale#3228,hanners717#2022,2.1,34,False,for following up with giveth partnerships & never dropping the ball
383,333,633eee3e7492eab52e0d4dc3,2022-10-06T15:03:26.872Z,geleeroyale#3228,karmaticacid#1218,for abundant work in the background like setting up email forwarding for me!,0,633e8f3c7492eab52e0d4b81,0,divine_comedian#5493,ClaraZi#5313,WhyldWanderer#7002,14.0,34,False,for abundant work in the background like setting up email forwarding for me!
393,736,635a845f1ab998280302aca6,2022-09-21T22:00:00.000Z,ahmad#7204,Jakeüêç#0203,for his hard work on making the projects portion of the website / platform easier to navigate ,0,635a845f1ab998280302aca4,0,brichis#6933,ClaraZi#5313,hanners717#2022,12.47,34,False,for his hard work on making the projects portion of the website / platform easier to navigate 
395,679,634991c97492eab52e0d5d4e,2022-10-14T16:43:53.170Z,karmaticacid#1218,Amin#2164,for following up fox/dai regen farm launch,63498ee77492eab52e0d5d06,0,63498ee77492eab52e0d5d06,cuidadopeligro#4788,Almond | oyealmond#7049,hanners717#2022,12.47,34,False,for following up fox/dai regen farm launch
396,596,634826c57492eab52e0d598c,2022-10-13T14:55:01.932Z,ClaraZi#5313,divine_comedian#5493,for producing the final accounting spreadsheet breaking down hours and xDAI spent on each working group,0,0,6345848d7492eab52e0d558d,brichis#6933,Almond | oyealmond#7049,WhyldWanderer#7002,16.1,34,False,for producing the final accounting spreadsheet breaking down hours and xDAI spent on each working group
398,595,634826c57492eab52e0d5985,2022-10-13T14:55:01.574Z,freshelle#9882,divine_comedian#5493,for producing the final accounting spreadsheet breaking down hours and xDAI spent on each working group,0,634586d97492eab52e0d56b7,0,cuidadopeligro#4788,ClaraZi#5313,hanners717#2022,12.47,34,False,for producing the final accounting spreadsheet breaking down hours and xDAI spent on each working group
402,742,635a845f1ab998280302acac,2022-09-21T22:00:00.000Z,ahmad#7204,ClaraZi#5313,for ideas and info on tracking to understand how our platform is being used and how people find out about Giveth on internet ,0,635a845f1ab998280302ad16,0,brichis#6933,ClaraZi#5313,hanners717#2022,16.8,34,False,for ideas and info on tracking to understand how our platform is being used and how people find out about Giveth on internet 
403,635,63482bbc7492eab52e0d5b70,2022-10-13T15:16:12.631Z,Cherik#4711,Cotabe#4096,for working on the front end of the FOX/XDAI regen farm,63482ae07492eab52e0d5aa6,0,0,brichis#6933,Almond | oyealmond#7049,miguelb#5176,31.5,55,False,for working on the front end of the FOX/XDAI regen farm
406,536,63458b3a7492eab52e0d5702,2022-10-11T15:26:50.987Z,Jakeüêç#0203,Nikola Creatrix#5026,"for his thorough work and compiled info from the donor survey so we can intake and improve, and act based on that!",6345864a7492eab52e0d560c,0,0,brichis#6933,geleeroyale#3228,hanners717#2022,12.47,34,False,"for his thorough work and compiled info from the donor survey so we can intake and improve, and act based on that!"
409,545,6346cd267492eab52e0d5784,2022-10-12T14:20:22.924Z,mohammad_ranjbar_z#2709,WhyldWanderer#7002,for fixing the issue with the purple list and taking steps to ensure that the same thing doesnt keep happening in the future!,0,0,6346c4c87492eab52e0d5775,brichis#6933,geleeroyale#3228,miguelb#5176,18.77,34,False,for fixing the issue with the purple list and taking steps to ensure that the same thing doesnt keep happening in the future!
410,461,634010877492eab52e0d52ff,2022-10-07T11:41:59.710Z,divine_comedian#5493,Yass#3392,for helping out with the revenue model and treasury info for the fundraising model,0,633fdcf37492eab52e0d5281,633fdcf37492eab52e0d5281,brichis#6933,geleeroyale#3228,WhyldWanderer#7002,12.47,34,False,for helping out with the revenue model and treasury info for the fundraising model
416,457,633fdcf67492eab52e0d52bd,2022-10-07T08:01:58.699Z,Jakeüêç#0203,ClaraZi#5313,"for defi research, bringing revenue streams to Giveth & investor research and outreach. Thank-you",0,633eee2b7492eab52e0d4db4,0,brichis#6933,geleeroyale#3228,hanners717#2022,16.8,34,False,"for defi research, bringing revenue streams to Giveth & investor research and outreach. Thank-you"
417,750,635a845f1ab998280302acb4,2022-09-21T22:00:00.000Z,Nikola Creatrix#5026,cuidadopeligro#4788,and for her amazing and fast work in the Meet the Makers project! ,0,635a845f1ab998280302ad33,0,cuidadopeligro#4788,Almond | oyealmond#7049,hanners717#2022,9.8,34,False,and for her amazing and fast work in the Meet the Makers project! 
421,447,633f40bb7492eab52e0d525e,2022-10-06T20:55:23.537Z,ClaraZi#5313,geleeroyale#3228,for getting together our accounting,633eee6c7492eab52e0d4def,0,633eee6c7492eab52e0d4def,brichis#6933,Almond | oyealmond#7049,WhyldWanderer#7002,6.6,34,False,for getting together our accounting
423,619,63482ae07492eab52e0d5a9f,2022-10-13T15:12:32.130Z,Cotabe#4096,karmaticacid#1218,for coordinating the regen farms fox/xdai launch,635a845f1ab998280302adab,0,0,brichis#6933,ClaraZi#5313,WhyldWanderer#7002,16.8,34,False,for coordinating the regen farms fox/xdai launch
428,350,633ef15e7492eab52e0d4ea4,2022-10-06T15:16:46.646Z,freshelle#9882,Nicbals#2154,for working so hard this week in processing all the payments and also working on the working group allocation and budgeting.,633eee6c7492eab52e0d4de8,633c4aaf7492eab52e0d4826,0,cuidadopeligro#4788,ClaraZi#5313,hanners717#2022,5.03,34,False,for working so hard this week in processing all the payments and also working on the working group allocation and budgeting.
433,184,6336d2567492eab52e0d4670,2022-09-30T11:26:14.399Z,MoeShehab#3487,geleeroyale#3228,For being a Kubernetes beast!!,0,635a845f1ab998280302ac8b,0,cuidadopeligro#4788,Almond | oyealmond#7049,WhyldWanderer#7002,16.37,34,False,For being a Kubernetes beast!!
436,305,633ec0c77492eab52e0d4c2c,2022-10-06T11:49:27.073Z,freshelle#9882,cuidadopeligro#4788,For her help filling out and creating the new WG monthly time reporting form and making payments in time!,633e8f667492eab52e0d4b90,633c4aaf7492eab52e0d4826,0,cuidadopeligro#4788,ClaraZi#5313,hanners717#2022,5.9,34,False,For her help filling out and creating the new WG monthly time reporting form and making payments in time!
440,326,633eed787492eab52e0d4d59,2022-10-06T15:00:08.144Z,ClaraZi#5313,Carlos096#8712,For handling customer support communication,635a845f1ab998280302ad04,0,0,brichis#6933,Almond | oyealmond#7049,WhyldWanderer#7002,16.8,34,False,For handling customer support communication
443,170,6335f3547492eab52e0d458a,2022-09-29T19:34:44.797Z,cuidadopeligro#4788,ClaraZi#5313,for supporting projects with onboading in support channel,6335ab157492eab52e0d3f8d,6335ab157492eab52e0d3f8d,0,divine_comedian#5493,geleeroyale#3228,WhyldWanderer#7002,8.57,34,False,for supporting projects with onboading in support channel
446,336,633eee6c7492eab52e0d4de8,2022-10-06T15:04:12.017Z,freshelle#9882,divine_comedian#5493,for working on creating an accounting structure and getting our costs clarified and more transparent,0,633c4aaf7492eab52e0d4826,633ec0c77492eab52e0d4c2c,cuidadopeligro#4788,ClaraZi#5313,hanners717#2022,8.57,34,False,for working on creating an accounting structure and getting our costs clarified and more transparent
448,338,633eee947492eab52e0d4dfe,2022-10-06T15:04:52.555Z,freshelle#9882,Carlos096#8712,For accounting work! and sending messages promptly!,633eee6c7492eab52e0d4de8,633c4aaf7492eab52e0d4826,0,cuidadopeligro#4788,ClaraZi#5313,hanners717#2022,6.17,34,False,For accounting work! and sending messages promptly!
453,271,633db4847492eab52e0d4a63,2022-10-05T16:44:52.755Z,helpersfoundation#4702,ClaraZi#5313,"for sharing their projects with education at the heart, on today's Meet the Maker  session! Thank-you.",633daf407492eab52e0d49c2,0,633daf407492eab52e0d49c2,cuidadopeligro#4788,Almond | oyealmond#7049,miguelb#5176,21.3,55,False,"for sharing their projects with education at the heart, on today's Meet the Maker  session! Thank-you."
454,270,633db4847492eab52e0d4a5b,2022-10-05T16:44:52.268Z,dan13ram#7722,ClaraZi#5313,"for sharing their projects with education at the heart, on today's Meet the Maker  session! Thank-you.",633daf3e7492eab52e0d49ba,0,633daf3e7492eab52e0d49ba,cuidadopeligro#4788,Almond | oyealmond#7049,miguelb#5176,21.3,55,False,"for sharing their projects with education at the heart, on today's Meet the Maker  session! Thank-you."
457,219,633b12b77492eab52e0d47ec,2022-10-03T16:49:59.780Z,divine_comedian#5493,Jakeüêç#0203,for delegating the Governance call down to the last very minute and covering the mass amount of topics,0,633b080a7492eab52e0d47ce,0,brichis#6933,geleeroyale#3228,WhyldWanderer#7002,16.1,34,False,for delegating the Governance call down to the last very minute and covering the mass amount of topics
465,235,633c92ec7492eab52e0d48d3,2022-10-04T20:09:16.579Z,Cori#8483,Almond | oyealmond#7049,for synching and working towards having a smoother Twitter content process!,633c8cb87492eab52e0d48b6,0,633c8cb87492eab52e0d48b6,divine_comedian#5493,Almond | oyealmond#7049,hanners717#2022,12.2,34,False,for synching and working towards having a smoother Twitter content process!
467,269,633db4837492eab52e0d4a53,2022-10-05T16:44:51.799Z,Catalyst,ClaraZi#5313,"for sharing their projects with education at the heart, on today's Meet the Maker  session! Thank-you.",633daf3e7492eab52e0d49b2,0,633daf3e7492eab52e0d49b2,brichis#6933,Almond | oyealmond#7049,WhyldWanderer#7002,12.9,34,False,"for sharing their projects with education at the heart, on today's Meet the Maker  session! Thank-you."
472,249,633d87007492eab52e0d496d,2022-10-05T13:30:40.398Z,divine_comedian#5493,karmaticacid#1218,for making the badass GIVfarm start & end date notion doc,6336089f7492eab52e0d45ad,0,6336089f7492eab52e0d45ad,brichis#6933,geleeroyale#3228,WhyldWanderer#7002,6.17,34,False,for making the badass GIVfarm start & end date notion doc
475,265,633db3637492eab52e0d4a2b,2022-10-05T16:40:03.344Z,Catalyst,Nikola Creatrix#5026,for showing up at MTM and talking about your amazing projects and why education should be a public good!,633daf3e7492eab52e0d49b2,0,633daf3e7492eab52e0d49b2,brichis#6933,Almond | oyealmond#7049,WhyldWanderer#7002,12.9,34,False,for showing up at MTM and talking about your amazing projects and why education should be a public good!
476,266,633db3637492eab52e0d4a33,2022-10-05T16:40:03.834Z,dan13ram#7722,Nikola Creatrix#5026,for showing up at MTM and talking about your amazing projects and why education should be a public good!,633daf3e7492eab52e0d49ba,0,633daf3e7492eab52e0d49ba,cuidadopeligro#4788,Almond | oyealmond#7049,miguelb#5176,21.3,55,False,for showing up at MTM and talking about your amazing projects and why education should be a public good!
482,877,635a845f1ab998280302ad33,2022-09-21T22:00:00.000Z,Nikola Creatrix#5026,Almond | oyealmond#7049,for taking the meet the makers initiative ,0,0,635a845f1ab998280302acb4,cuidadopeligro#4788,Almond | oyealmond#7049,hanners717#2022,16.1,34,False,for taking the meet the makers initiative 
487,34,633453d2b867a8bdb0786cd9,2022-09-28T14:01:54.440Z,divine_comedian#5493,Nikola Creatrix#5026,for the reminders on how to use new praise bot,0,633444dab867a8bdb0786bc6,633444dab867a8bdb0786bc6,brichis#6933,geleeroyale#3228,WhyldWanderer#7002,12.2,34,False,for the reminders on how to use new praise bot
489,20,63344a05b867a8bdb0786c00,2022-09-28T13:20:05.077Z,divine_comedian#5493,mohammad_ranjbar_z#2709,For his instruction and all he did for praise upgrade,633444dab867a8bdb0786bc6,633444dab867a8bdb0786bc6,63330f24b867a8bdb0786a9c,brichis#6933,geleeroyale#3228,WhyldWanderer#7002,2.27,34,False,For his instruction and all he did for praise upgrade
502,426,633f20a47492eab52e0d515b,2022-10-06T18:38:28.278Z,cuidadopeligro#4788,WhyldWanderer#7002,"For bringing a great presentation and demo of the new praise system, helping our community formulate a plan, and passing on some of your wisdom from experience. üôè",633f08f57492eab52e0d4f8c,633f08f57492eab52e0d4f8c,0,divine_comedian#5493,geleeroyale#3228,WhyldWanderer#7002,8.13,34,False,"For bringing a great presentation and demo of the new praise system, helping our community formulate a plan, and passing on some of your wisdom from experience. üôè"
505,41,63345e3cb867a8bdb0786d4a,2022-09-28T14:46:20.892Z,divine_comedian#5493,freshelle#9882,for posting the new praise commands,0,633444dab867a8bdb0786bc6,633444dab867a8bdb0786bc6,brichis#6933,geleeroyale#3228,WhyldWanderer#7002,12.2,34,False,for posting the new praise commands
507,368,633f08f57492eab52e0d4f8c,2022-10-06T16:57:25.465Z,cuidadopeligro#4788,Nikola Creatrix#5026,"for hosting a great, detailed, and awesome clear praise demo, really nice thorough overview",0,0,633f20a47492eab52e0d515b,divine_comedian#5493,geleeroyale#3228,WhyldWanderer#7002,16.37,34,False,"for hosting a great, detailed, and awesome clear praise demo, really nice thorough overview"
509,13,633358c2b867a8bdb0786b80,2022-09-27T20:10:42.158Z,Cori#8483,ClaraZi#5313,for the hours spent today sorting out the workflow in the Comms planning Github and ensuring that the comms team continues to work effectively. Thank you,635a845f1ab998280302adbf,0,0,divine_comedian#5493,Almond | oyealmond#7049,hanners717#2022,16.8,34,False,for the hours spent today sorting out the workflow in the Comms planning Github and ensuring that the comms team continues to work effectively. Thank you
512,1004,635a845f1ab998280302adb2,2022-09-26T22:00:00.000Z,divine_comedian#5493,ClaraZi#5313,"for GIVeconomy AMA - it was really interesting, really practical and great to have context for Comms. Thank-you ",0,635a845f1ab998280302ada9,635a845f1ab998280302adb1,brichis#6933,geleeroyale#3228,WhyldWanderer#7002,12.47,34,False,"for GIVeconomy AMA - it was really interesting, really practical and great to have context for Comms. Thank-you "
514,860,635a845f1ab998280302ad22,2022-09-21T22:00:00.000Z,karmaticacid#1218,ahmad#7204,", , @karmaticacid | AFK til Sept 12, for coming back, we missed your presence! ",635a845f1ab998280302acee,635a845f1ab998280302ad1d,635a845f1ab998280302acee,cuidadopeligro#4788,Almond | oyealmond#7049,hanners717#2022,0.83,21,False,", , @karmaticacid | AFK til Sept 12, for coming back, we missed your presence! "
515,808,635a845f1ab998280302acee,2022-09-21T22:00:00.000Z,karmaticacid#1218,Carlos096#8712,Welcome back! ,0,635a845f1ab998280302ad1d,0,cuidadopeligro#4788,Almond | oyealmond#7049,hanners717#2022,8.03,21,False,Welcome back! 
517,855,635a845f1ab998280302ad1d,2022-09-21T22:00:00.000Z,karmaticacid#1218,mohammad_ranjbar_z#2709,"For getting back , we missed you for few weeks ",635a845f1ab998280302acee,0,635a845f1ab998280302acee,cuidadopeligro#4788,Almond | oyealmond#7049,hanners717#2022,1.13,21,False,"For getting back , we missed you for few weeks "
518,820,635a845f1ab998280302acfa,2022-09-21T22:00:00.000Z,karmaticacid#1218,MoeShehab#3487,welcome back we missed you üôÇ ,635a845f1ab998280302acee,635a845f1ab998280302ad1d,635a845f1ab998280302acee,cuidadopeligro#4788,Almond | oyealmond#7049,hanners717#2022,0.83,21,False,welcome back we missed you üôÇ 
519,909,635a845f1ab998280302ad53,2022-09-21T22:00:00.000Z,karmaticacid#1218,Cori#8483,for taking a slow return this week ,635a845f1ab998280302acee,635a845f1ab998280302ad1d,635a845f1ab998280302acee,cuidadopeligro#4788,Almond | oyealmond#7049,hanners717#2022,0.83,21,False,for taking a slow return this week 
522,895,635a845f1ab998280302ad45,2022-09-21T22:00:00.000Z,karmaticacid#1218,Rodricast#1415,"for being back and going to the BM, we miss you! ",635a845f1ab998280302acee,635a845f1ab998280302ad1d,635a845f1ab998280302acee,cuidadopeligro#4788,Almond | oyealmond#7049,hanners717#2022,0.83,21,False,"for being back and going to the BM, we miss you! "
523,886,635a845f1ab998280302ad3c,2022-09-21T22:00:00.000Z,karmaticacid#1218,hanners717#2022,Welcome back from a grueling Burning Man! I missed seeing your faces!! ,635a845f1ab998280302acee,635a845f1ab998280302ad1d,635a845f1ab998280302acee,cuidadopeligro#4788,Almond | oyealmond#7049,hanners717#2022,0.83,21,False,Welcome back from a grueling Burning Man! I missed seeing your faces!! 
527,816,635a845f1ab998280302acf6,2022-09-21T22:00:00.000Z,Cherik#4711,Carlos096#8712,for being awesome frontend devs! ,635a845f1ab998280302ad2a,0,0,brichis#6933,Almond | oyealmond#7049,miguelb#5176,6.03,21,False,for being awesome frontend devs! 
531,1037,635a845f1ab998280302add3,2022-09-28T22:00:00.000Z,mateodaza#3156,Carlos096#8712,for being awesome frontend devs! ,0,635a845f1ab998280302acf8,0,divine_comedian#5493,Almond | oyealmond#7049,miguelb#5176,11.43,21,False,for being awesome frontend devs! 
532,868,635a845f1ab998280302ad2a,2022-09-21T22:00:00.000Z,Cherik#4711,mohammad_ranjbar_z#2709,you are the best frontend DEVs ever ,0,0,635a845f1ab998280302acf6,brichis#6933,Almond | oyealmond#7049,miguelb#5176,8.43,21,False,you are the best frontend DEVs ever 
538,149,6335b5ae7492eab52e0d442a,2022-09-29T15:11:42.929Z,Cherik#4711,Carlos096#8712,for also being an amazing frontend dev!,635a845f1ab998280302ad2a,0,6335b2967492eab52e0d415b,brichis#6933,Almond | oyealmond#7049,miguelb#5176,2.13,21,False,for also being an amazing frontend dev!
553,662,63483f4e7492eab52e0d5c96,2022-10-13T16:39:42.559Z,MoeNick#1374,WhyldWanderer#7002,for joining today's 133rd Community Call! <a:unicorn:666472736981516298>,635a845f1ab998280302ad67,0,0,brichis#6933,geleeroyale#3228,miguelb#5176,5.03,21,False,for joining today's 133rd Community Call! <a:unicorn:666472736981516298>
555,495,6344428c7492eab52e0d54cb,2022-10-10T16:04:28.369Z,MoeNick#1374,freshelle#9882,for joining today's Governance call <:rainbowcorn:809549314501902357>,635a845f1ab998280302ad67,0,0,brichis#6933,geleeroyale#3228,miguelb#5176,5.03,21,False,for joining today's Governance call <:rainbowcorn:809549314501902357>
558,1038,635a845f1ab998280302add4,2022-10-05T22:00:00.000Z,karmaticacid#1218,Rodricast#1415,for working on the content of the GIVeconomy infographic! thanks ,633d85ad7492eab52e0d4947,0,633d85ad7492eab52e0d4947,cuidadopeligro#4788,Almond | oyealmond#7049,hanners717#2022,7.6,21,False,for working on the content of the GIVeconomy infographic! thanks 
562,917,635a845f1ab998280302ad5b,2022-09-21T22:00:00.000Z,geleeroyale#3228,Nicbals#2154,for having his buddy call with MoeShehab ,635a845f1ab998280302ace2,0,0,divine_comedian#5493,ClaraZi#5313,WhyldWanderer#7002,11.5,21,False,for having his buddy call with MoeShehab 
585,70,6335afff7492eab52e0d3ff9,2022-09-29T14:47:27.289Z,Amin#2164,divine_comedian#5493,for taking care of themselves and still staying connected to Giveth during these crazy times in the middle east!,635a845f1ab998280302ada6,0,0,divine_comedian#5493,ClaraZi#5313,hanners717#2022,11.6,21,False,for taking care of themselves and still staying connected to Giveth during these crazy times in the middle east!
608,363,633ef21e7492eab52e0d4f42,2022-10-06T15:19:58.020Z,Jakeüêç#0203,Dr. Suga#8514,partnership work,635a845f1ab998280302add7,633eee2b7492eab52e0d4db4,633eee2b7492eab52e0d4db4,brichis#6933,geleeroyale#3228,hanners717#2022,2.97,34,False,partnership work
616,332,633eee2b7492eab52e0d4db4,2022-10-06T15:03:07.862Z,Jakeüêç#0203,karmaticacid#1218,"for leading up partnerships, making awesome pitch docs, taking over TGB partnership, following up & catherding like a boss",635a845f1ab998280302add7,0,0,brichis#6933,geleeroyale#3228,hanners717#2022,19.47,34,False,"for leading up partnerships, making awesome pitch docs, taking over TGB partnership, following up & catherding like a boss"
620,524,6345867e7492eab52e0d5648,2022-10-11T15:06:38.054Z,WhyldWanderer#7002,Almond | oyealmond#7049,"for pushing fwd the new praise system , and empowering the team to keep praising!",0,0,634586247492eab52e0d55df,divine_comedian#5493,ClaraZi#5313,hanners717#2022,9.93,21,False,"for pushing fwd the new praise system , and empowering the team to keep praising!"
623,873,635a845f1ab998280302ad2f,2022-09-21T22:00:00.000Z,Nikola Creatrix#5026,ClaraZi#5313,for taking on Graviton tasks ,635a845f1ab998280302acab,0,635a845f1ab998280302acab,cuidadopeligro#4788,Almond | oyealmond#7049,hanners717#2022,12.73,34,False,for taking on Graviton tasks 
626,819,635a845f1ab998280302acf9,2022-09-21T22:00:00.000Z,"Griff (üíú,üíú)#8888",MoeShehab#3487,welcome back we missed you üôÇ ,635a845f1ab998280302acef,635a845f1ab998280302acef,0,cuidadopeligro#4788,geleeroyale#3228,miguelb#5176,0.7,13,False,welcome back we missed you üôÇ 
632,840,635a845f1ab998280302ad0e,2022-09-21T22:00:00.000Z,Nicbals#2154,hanners717#2022,for our very productive HR monthly call. ,635a845f1ab998280302acd5,0,635a845f1ab998280302acd5,divine_comedian#5493,Almond | oyealmond#7049,miguelb#5176,7.53,21,False,for our very productive HR monthly call. 
642,245,633d4b3b7492eab52e0d4933,2022-10-05T09:15:39.980Z,Maryjaf#2478,Jakeüêç#0203,"as well, GIVpower is amazing and going to do so much for Giveth! Well done, and anyone else involved",633d28b17492eab52e0d490e,0,633d28b17492eab52e0d490e,divine_comedian#5493,ClaraZi#5313,WhyldWanderer#7002,8.83,34,False,"as well, GIVpower is amazing and going to do so much for Giveth! Well done, and anyone else involved"
646,173,633609337492eab52e0d45bc,2022-09-29T21:08:03.011Z,divine_comedian#5493,Cherik#4711,for creating perfect documnet for our farms,6336089f7492eab52e0d45ad,0,6336089f7492eab52e0d45ad,brichis#6933,geleeroyale#3228,WhyldWanderer#7002,8.83,34,False,for creating perfect documnet for our farms
650,160,6335b8087492eab52e0d44d2,2022-09-29T15:21:44.533Z,Almond | oyealmond#7049,santigs#9769,for all her feedback and involvement into pfp collection communication,6335b0757492eab52e0d4051,6335b0757492eab52e0d4051,0,cuidadopeligro#4788,ClaraZi#5313,miguelb#5176,3.8,21,False,for all her feedback and involvement into pfp collection communication
659,744,635a845f1ab998280302acae,2022-09-21T22:00:00.000Z,geleeroyale#3228,ClaraZi#5313,for ideas and info on tracking to understand how our platform is being used and how people find out about Giveth on internet ,635a845f1ab998280302aca8,635a845f1ab998280302aca8,0,divine_comedian#5493,ClaraZi#5313,WhyldWanderer#7002,12.73,34,False,for ideas and info on tracking to understand how our platform is being used and how people find out about Giveth on internet 
667,427,633f20a57492eab52e0d5163,2022-10-06T18:38:29.127Z,RachaelMalachy#5837,WhyldWanderer#7002,"For bringing a great presentation and demo of the new praise system, helping our community formulate a plan, and passing on some of your wisdom from experience. üôè",633eed097492eab52e0d4cf8,0,0,cuidadopeligro#4788,Almond | oyealmond#7049,WhyldWanderer#7002,19.47,34,False,"For bringing a great presentation and demo of the new praise system, helping our community formulate a plan, and passing on some of your wisdom from experience. üôè"
676,403,633f1f797492eab52e0d509b,2022-10-06T18:33:29.579Z,cuidadopeligro#4788,WhyldWanderer#7002,for joining today's Community Call <a:unicorn:666472736981516298> <:logo:809539267248259092>,0,633f08f57492eab52e0d4f8c,0,divine_comedian#5493,geleeroyale#3228,WhyldWanderer#7002,2.0,13,False,for joining today's Community Call <a:unicorn:666472736981516298> <:logo:809539267248259092>
688,465,634031a47492eab52e0d533b,2022-10-07T14:03:16.589Z,WhyldWanderer#7002,Nicbals#2154,for helping me with my access issue in the Giveth contributor group,6340303b7492eab52e0d532c,0,6340303b7492eab52e0d532c,divine_comedian#5493,ClaraZi#5313,hanners717#2022,3.27,13,False,for helping me with my access issue in the Giveth contributor group
695,812,635a845f1ab998280302acf2,2022-09-21T22:00:00.000Z,MoeShehab#3487,Carlos096#8712,kubernetes masters! ,635a845f1ab998280302ac8b,635a845f1ab998280302ac8b,0,cuidadopeligro#4788,Almond | oyealmond#7049,WhyldWanderer#7002,5.73,21,False,kubernetes masters! 
700,157,6335b6ef7492eab52e0d44a5,2022-09-29T15:17:03.889Z,"Griff (üíú,üíú)#8888",Amin#2164,for raising fantastic GIVfi topic and make all the team reseach on that,6335b2297492eab52e0d40e5,0,0,cuidadopeligro#4788,geleeroyale#3228,miguelb#5176,11.77,21,False,for raising fantastic GIVfi topic and make all the team reseach on that
718,432,633f3fb07492eab52e0d51b5,2022-10-06T20:50:56.740Z,karmaticacid#1218,geleeroyale#3228,because they are on fire with shouting  givpower from the rooftops,633f33187492eab52e0d5183,0,0,cuidadopeligro#4788,Almond | oyealmond#7049,hanners717#2022,11.77,21,False,because they are on fire with shouting  givpower from the rooftops
720,907,635a845f1ab998280302ad51,2022-09-21T22:00:00.000Z,divine_comedian#5493,Cori#8483,for repping Giveth & our GR15 grant in Twitter Spaces! ,0,0,635a845f1ab998280302acfc,brichis#6933,geleeroyale#3228,WhyldWanderer#7002,12.03,21,False,for repping Giveth & our GR15 grant in Twitter Spaces! 
722,898,635a845f1ab998280302ad48,2022-09-21T22:00:00.000Z,Jakeüêç#0203,Yass#3392,and for helping with the token sale project ,635a845f1ab998280302ad08,0,635a845f1ab998280302ad08,brichis#6933,geleeroyale#3228,hanners717#2022,8.13,21,False,and for helping with the token sale project 
727,331,633eee057492eab52e0d4da5,2022-10-06T15:02:29.777Z,MoeShehab#3487,Carlos096#8712,For taking time off and leaving kubernetes Prs!,0,635a845f1ab998280302ac8b,0,cuidadopeligro#4788,Almond | oyealmond#7049,WhyldWanderer#7002,9.37,21,False,For taking time off and leaving kubernetes Prs!
730,915,635a845f1ab998280302ad59,2022-09-21T22:00:00.000Z,ahmad#7204,Nicbals#2154,and for a productive HR Monthly call earlier ,0,635a845f1ab998280302ad0c,635a845f1ab998280302ad0c,brichis#6933,ClaraZi#5313,hanners717#2022,7.87,21,False,and for a productive HR Monthly call earlier 
743,847,635a845f1ab998280302ad15,2022-09-21T22:00:00.000Z,MoeShehab#3487,mohammad_ranjbar_z#2709,For pushing hard on kubernetes ,635a845f1ab998280302ac8b,635a845f1ab998280302ac8b,635a845f1ab998280302acf2,cuidadopeligro#4788,Almond | oyealmond#7049,WhyldWanderer#7002,1.83,21,False,For pushing hard on kubernetes 
746,838,635a845f1ab998280302ad0c,2022-09-21T22:00:00.000Z,ahmad#7204,hanners717#2022,for our very productive HR monthly call. ,635a845f1ab998280302ad59,0,0,brichis#6933,ClaraZi#5313,hanners717#2022,9.37,21,False,for our very productive HR monthly call. 
753,458,63400c7f7492eab52e0d52cc,2022-10-07T11:24:47.950Z,Cori#8483,Dr. Suga#8514,"for an epic sync today, long and meaningful and constructive! You're amazing.",0,0,633c8cb87492eab52e0d48b6,divine_comedian#5493,Almond | oyealmond#7049,hanners717#2022,14.43,21,False,"for an epic sync today, long and meaningful and constructive! You're amazing."
756,16,633359b1b867a8bdb0786bac,2022-09-27T20:14:41.852Z,divine_comedian#5493,Almond | oyealmond#7049,for making some time to answer questions around the GIVeconomy,0,635a845f1ab998280302ada9,0,brichis#6933,geleeroyale#3228,WhyldWanderer#7002,14.43,21,False,for making some time to answer questions around the GIVeconomy
758,57,63357866d16d86c7a136ec1a,2022-09-29T10:50:14.663Z,Mo ü§ñ#0356,markop#2007,Multilevel Account designs and demos.,0,0,633448b1b867a8bdb0786bdc,cuidadopeligro#4788,geleeroyale#3228,miguelb#5176,0.27,8,False,Multilevel Account designs and demos.
773,45,633476bfb867a8bdb0786d85,2022-09-28T16:30:55.174Z,cuidadopeligro#4788,WhyldWanderer#7002,"for feeling inspired to learn more about Giveth, joining today's Orientation and AMA call, and asking great questions!",635a845f1ab998280302adca,0,0,divine_comedian#5493,geleeroyale#3228,WhyldWanderer#7002,6.17,13,False,"for feeling inspired to learn more about Giveth, joining today's Orientation and AMA call, and asking great questions!"
775,1016,635a845f1ab998280302adbe,2022-09-26T22:00:00.000Z,Rodricast#1415,Nikola Creatrix#5026,for creating a great MTM designs and picking up the task like a star ,635a845f1ab998280302ada7,0,635a845f1ab998280302ada7,cuidadopeligro#4788,Almond | oyealmond#7049,WhyldWanderer#7002,5.47,21,False,for creating a great MTM designs and picking up the task like a star 
824,948,635a845f1ab998280302ad7a,2022-09-21T22:00:00.000Z,cataveneno,WhyldWanderer#7002,for joining today's weekly community call!! <:logo:809539267248259092> <a:unicorn:666472736981516298> ,0,0,6335bb397492eab52e0d4505,divine_comedian#5493,geleeroyale#3228,WhyldWanderer#7002,3.27,8,False,for joining today's weekly community call!! <:logo:809539267248259092> <a:unicorn:666472736981516298> 
839,117,6335b39f7492eab52e0d4246,2022-09-29T15:02:55.856Z,karmaticacid#1218,Amin#2164,for comming back with lots of energy from burning man,0,635a845f1ab998280302ad1d,0,cuidadopeligro#4788,Almond | oyealmond#7049,hanners717#2022,4.37,8,False,for comming back with lots of energy from burning man
854,785,635a845f1ab998280302acd7,2022-09-21T22:00:00.000Z,freshelle#9882,ahmad#7204,for the monthly HR sync call ,0,635a845f1ab998280302ad0d,0,cuidadopeligro#4788,ClaraZi#5313,hanners717#2022,7.0,13,False,for the monthly HR sync call 
857,894,635a845f1ab998280302ad44,2022-09-21T22:00:00.000Z,"Griff (üíú,üíú)#8888",Rodricast#1415,"for being back and going to the BM, we miss you! ",635a845f1ab998280302acef,635a845f1ab998280302acef,635a845f1ab998280302ad1e,cuidadopeligro#4788,geleeroyale#3228,miguelb#5176,0.97,13,False,"for being back and going to the BM, we miss you! "
858,885,635a845f1ab998280302ad3b,2022-09-21T22:00:00.000Z,"Griff (üíú,üíú)#8888",hanners717#2022,Welcome back from a grueling Burning Man! I missed seeing your faces!! ,635a845f1ab998280302acef,635a845f1ab998280302acef,635a845f1ab998280302ad1e,cuidadopeligro#4788,geleeroyale#3228,miguelb#5176,0.97,13,False,Welcome back from a grueling Burning Man! I missed seeing your faces!! 
867,1043,635a845f1ab998280302add9,2022-10-05T22:00:00.000Z,Tosin#8012,Rodricast#1415,for be amazing team mates! ,635a845f1ab998280302ad42,0,0,brichis#6933,Almond | oyealmond#7049,WhyldWanderer#7002,3.83,8,False,for be amazing team mates! 
869,95,6335b2447492eab52e0d4116,2022-09-29T14:57:08.745Z,Ramin#4479,mohammad_ranjbar_z#2709,For being great teammates,0,0,635a845f1ab998280302acf5,divine_comedian#5493,geleeroyale#3228,WhyldWanderer#7002,5.77,13,False,For being great teammates
871,914,635a845f1ab998280302ad58,2022-09-21T22:00:00.000Z,freshelle#9882,Nicbals#2154,and for a productive HR Monthly call earlier ,635a845f1ab998280302acd7,635a845f1ab998280302ad0d,635a845f1ab998280302acd7,cuidadopeligro#4788,ClaraZi#5313,hanners717#2022,0.7,13,False,and for a productive HR Monthly call earlier 
883,46,633476bfb867a8bdb0786d8c,2022-09-28T16:30:55.863Z,Almond | oyealmond#7049,WhyldWanderer#7002,"for feeling inspired to learn more about Giveth, joining today's Orientation and AMA call, and asking great questions!",0,0,635a845f1ab998280302adcb,cuidadopeligro#4788,ClaraZi#5313,miguelb#5176,7.27,13,False,"for feeling inspired to learn more about Giveth, joining today's Orientation and AMA call, and asking great questions!"
889,856,635a845f1ab998280302ad1e,2022-09-21T22:00:00.000Z,"Griff (üíú,üíú)#8888",mohammad_ranjbar_z#2709,"For getting back , we missed you for few weeks ",635a845f1ab998280302acef,635a845f1ab998280302acef,0,cuidadopeligro#4788,geleeroyale#3228,miguelb#5176,3.37,13,False,"For getting back , we missed you for few weeks "
890,858,635a845f1ab998280302ad20,2022-09-21T22:00:00.000Z,"Griff (üíú,üíú)#8888",ahmad#7204,", , @karmaticacid | AFK til Sept 12, for coming back, we missed your presence! ",635a845f1ab998280302acef,635a845f1ab998280302acef,635a845f1ab998280302ad1e,cuidadopeligro#4788,geleeroyale#3228,miguelb#5176,0.97,13,False,", , @karmaticacid | AFK til Sept 12, for coming back, we missed your presence! "
891,839,635a845f1ab998280302ad0d,2022-09-21T22:00:00.000Z,freshelle#9882,hanners717#2022,for our very productive HR monthly call. ,635a845f1ab998280302acd7,0,635a845f1ab998280302acd7,cuidadopeligro#4788,ClaraZi#5313,hanners717#2022,5.03,13,False,for our very productive HR monthly call. 
928,386,633f1f6f7492eab52e0d501f,2022-10-06T18:33:19.180Z,tropicalmango#3240,WhyldWanderer#7002,for joining today's Community Call <a:unicorn:666472736981516298> <:logo:809539267248259092>,635a845f1ab998280302ad7c,0,0,brichis#6933,Almond | oyealmond#7049,miguelb#5176,3.37,5,False,for joining today's Community Call <a:unicorn:666472736981516298> <:logo:809539267248259092>
943,493,6344428b7492eab52e0d54bd,2022-10-10T16:04:27.809Z,tropicalmango#3240,freshelle#9882,for joining today's Governance call <:rainbowcorn:809549314501902357>,635a845f1ab998280302ad7c,0,0,brichis#6933,Almond | oyealmond#7049,miguelb#5176,3.37,5,False,for joining today's Governance call <:rainbowcorn:809549314501902357>
960,659,63483f4c7492eab52e0d5c80,2022-10-13T16:39:40.333Z,tropicalmango#3240,WhyldWanderer#7002,for joining today's 133rd Community Call! <a:unicorn:666472736981516298>,635a845f1ab998280302ad7c,0,0,brichis#6933,Almond | oyealmond#7049,miguelb#5176,3.37,5,False,for joining today's 133rd Community Call! <a:unicorn:666472736981516298>
982,680,6349afb67492eab52e0d5d62,2022-10-14T18:51:34.972Z,WhyldWanderer#7002,Rainer#4613,again for a great reconnect,635a845f1ab998280302addf,0,0,divine_comedian#5493,ClaraZi#5313,hanners717#2022,0.1,3,False,again for a great reconnect
987,971,635a845f1ab998280302ad91,2022-09-21T22:00:00.000Z,Mo ü§ñ#0356,paiyaüèã‚ôÇüèã‚ôÇüèã‚ôÇ,for checking in and being a great colleague ,635a845f1ab998280302ad8b,0,635a845f1ab998280302ad8b,cuidadopeligro#4788,geleeroyale#3228,miguelb#5176,2.2,8,False,for checking in and being a great colleague 
995,93,6335b2447492eab52e0d4103,2022-09-29T14:57:08.076Z,mateodaza#3156,mohammad_ranjbar_z#2709,For being great teammates,0,635a845f1ab998280302acf8,0,divine_comedian#5493,Almond | oyealmond#7049,miguelb#5176,3.43,5,False,For being great teammates
1001,849,635a845f1ab998280302ad17,2022-09-21T22:00:00.000Z,geleeroyale#3228,tropicalmango#3240,for our website analytics meeting today and sharing their perspectives ,635a845f1ab998280302aca8,635a845f1ab998280302aca8,0,divine_comedian#5493,ClaraZi#5313,WhyldWanderer#7002,8.4,21,False,for our website analytics meeting today and sharing their perspectives 
1011,901,635a845f1ab998280302ad4b,2022-09-21T22:00:00.000Z,divine_comedian#5493,Yass#3392,for proposing revenue stream models and taking lead on that ,0,635a845f1ab998280302acb3,635a845f1ab998280302acb3,brichis#6933,geleeroyale#3228,WhyldWanderer#7002,13.6,34,False,for proposing revenue stream models and taking lead on that 
1015,318,633eed077492eab52e0d4cf0,2022-10-06T14:58:15.307Z,cuidadopeligro#4788,divine_comedian#5493,for pushing forward our praise upgrade process,633ecd257492eab52e0d4c6e,633ecd257492eab52e0d4c6e,0,divine_comedian#5493,geleeroyale#3228,WhyldWanderer#7002,8.4,21,False,for pushing forward our praise upgrade process
1018,676,63498f3d7492eab52e0d5d1c,2022-10-14T16:33:01.125Z,Cherik#4711,karmaticacid#1218,for again being up late on a Friday to make last minute fixes to FOX/XDAI regenfarm and get it live w/ the countdown! you guys are heroes,63482ae07492eab52e0d5aa6,0,0,brichis#6933,Almond | oyealmond#7049,miguelb#5176,38.5,55,False,for again being up late on a Friday to make last minute fixes to FOX/XDAI regenfarm and get it live w/ the countdown! you guys are heroes
1019,678,634991b57492eab52e0d5d3f,2022-10-14T16:43:33.525Z,Cherik#4711,Amin#2164,for being on top of fox/dai fram launch on his weekend,63482ae07492eab52e0d5aa6,0,63498f3d7492eab52e0d5d1c,brichis#6933,Almond | oyealmond#7049,miguelb#5176,22.0,55,False,for being on top of fox/dai fram launch on his weekend
1024,799,635a845f1ab998280302ace5,2022-09-21T22:00:00.000Z,divine_comedian#5493,karmaticacid#1218,for looking at ways to introduce more revenue into giveth ,0,635a845f1ab998280302acb3,635a845f1ab998280302acb3,brichis#6933,geleeroyale#3228,WhyldWanderer#7002,13.6,34,False,for looking at ways to introduce more revenue into giveth 
1027,171,6335f3a07492eab52e0d459e,2022-09-29T19:36:00.950Z,cuidadopeligro#4788,ClaraZi#5313,for leading Rewards team kickoff meeting today,0,63344f65b867a8bdb0786c77,0,divine_comedian#5493,geleeroyale#3228,WhyldWanderer#7002,9.1,13,False,for leading Rewards team kickoff meeting today
1030,440,633f405c7492eab52e0d5215,2022-10-06T20:53:48.092Z,cuidadopeligro#4788,geleeroyale#3228,franco for engaging as a praise admin and for helping with our subscriptions by talking to swype,0,633ecd257492eab52e0d4c6e,0,divine_comedian#5493,geleeroyale#3228,WhyldWanderer#7002,14.0,21,False,franco for engaging as a praise admin and for helping with our subscriptions by talking to swype
1047,989,635a845f1ab998280302ada3,2022-09-25T22:00:00.000Z,mateodaza#3156,Cherik#4711,for being supportive and kind üôÇ Thank you man ,635a845f1ab998280302ad9e,635a845f1ab998280302ad9e,0,divine_comedian#5493,Almond | oyealmond#7049,miguelb#5176,3.2,8,False,for being supportive and kind üôÇ Thank you man 
