index,ID,DATE,TO USER ACCOUNT,FROM USER ACCOUNT,REASON,SCORE 1,SCORE 2,SCORE 3,DUPLICATE ID 1,DUPLICATE ID 2,DUPLICATE ID 3,DISMISSED 1,DISMISSED 2,DISMISSED 3,QUANTIFIER 1 USERNAME,QUANTIFIER 2 USERNAME,QUANTIFIER 3 USERNAME,AVG SCORE,SPREAD
45,6572a923bafd48cff12704c6,2023-12-08T05:26:59.090000Z,zeptimusq#0,snakey_jakey.,"for being instrumental instruments for the fundraising team. Without any of you, we would not have the successes that we have had. üé∑ üé∏ ü™á üéπ üé∫ üéª",3,144,13,,,,False,False,False,ramin,nikola_creatrix,hanners717,53.3333333333333,141
46,6572a923bafd48cff12704ca,2023-12-08T05:26:59.090000Z,cotabe,snakey_jakey.,"for being instrumental instruments for the fundraising team. Without any of you, we would not have the successes that we have had. üé∑ üé∏ ü™á üéπ üé∫ üéª",3,144,8,,,,False,False,False,ramin,nikola_creatrix,danibelle_the_uno_and_only,51.6666666666667,141
47,6572a923bafd48cff12704cc,2023-12-08T05:26:59.090000Z,iviangita#0,snakey_jakey.,"for being instrumental instruments for the fundraising team. Without any of you, we would not have the successes that we have had. üé∑ üé∏ ü™á üéπ üé∫ üéª",3,144,5,,,,False,False,False,ramin,nikola_creatrix,danibelle_the_uno_and_only,50.6666666666667,141
40,6572a923bafd48cff12704c9,2023-12-08T05:26:59.090000Z,karmaticacid#0,snakey_jakey.,"for being instrumental instruments for the fundraising team. Without any of you, we would not have the successes that we have had. üé∑ üé∏ ü™á üéπ üé∫ üéª",8,144,13,,,,False,False,False,whyldwanderer,nikola_creatrix,hanners717,55.0,136
44,6572a923bafd48cff12704cb,2023-12-08T05:26:59.090000Z,Juankbell#7458,snakey_jakey.,"for being instrumental instruments for the fundraising team. Without any of you, we would not have the successes that we have had. üé∑ üé∏ ü™á üéπ üé∫ üéª",21,144,13,,,,False,False,False,whyldwanderer,nikola_creatrix,hanners717,59.3333333333333,131
64,6572adb1bafd48cff127170b,2023-12-08T05:46:25.058000Z,oyealmond#0,snakey_jakey.,"for being so great at leading Comms. She doesn't have to be in the fundraising channels pushing our fundraising team to get her comms, but her passion for Giveth sees it almost as a demand. Love the responsibility to Giveth but more your passion üôèüèª",34,144,13,,,,False,False,False,whyldwanderer,nikola_creatrix,danibelle_the_uno_and_only,63.6666666666667,131
150,657c1bbbbafd48cff12ebe8c,2023-12-15T09:26:19.162000Z,cuidadopeligro#0,karmaticacid#0,"for being such an amazing giveth house steward. Coordinating people & repairs, getting our retropgf application up, and most of all, making the house a home",3,55,5,,,,False,False,False,ramin,nikola_creatrix,danibelle_the_uno_and_only,21.0,52
141,657aced9bafd48cff12e012b,2023-12-14T09:46:01.493000Z,hanners717#0,snakey_jakey.,for being the HR friend I never knew I would have. I use to try to hid from HR and the Giveth team has completely changed my feelings on what HR is and should always intend to me,3,55,13,,,,False,False,False,ramin,nikola_creatrix,danibelle_the_uno_and_only,23.6666666666667,52
56,6572aa2ebafd48cff1270aca,2023-12-08T05:31:26.648000Z,missgene#0,snakey_jakey.,for their fast and specialized ENS small grant outreach work this week. Their efforts should be paying off in next 24 hours with multiple galaxy projects making the top ten! üíØ ‚è±Ô∏è,21,55,5,,,,False,False,False,whyldwanderer,nikola_creatrix,danibelle_the_uno_and_only,27.0,50
86,6573661abafd48cff127ab1a,2023-12-08T18:53:14.986000Z,divine_comedian#0,hanners717#0,"for looking over WG budgets and contributor hours, making sure we stay on target with our DAO proposals and that we don‚Äôt over spend.",55,21,8,,,,False,False,False,whyldwanderer,karmaticacid,danibelle_the_uno_and_only,28.0,47
151,657c1be7bafd48cff12ebf50,2023-12-15T09:27:03.780000Z,"sem(üå∏,üêù)#0161",karmaticacid#0,"for taking on stewarding the giveth house & already taking actions to improve things, like printing new QR codes for donations and putting them around the house+",55,34,8,,,,False,False,False,whyldwanderer,nikola_creatrix,danibelle_the_uno_and_only,32.3333333333333,47
142,657b500ebafd48cff12e613d,2023-12-14T18:57:18.023000Z,moeshehab#0,geleeroyale,for holding the front and supporting Giveth an GM in eliminating a huge vulnerability,55,55,13,,,,False,False,False,whyldwanderer,nikola_creatrix,danibelle_the_uno_and_only,41.0,42
110,657a99bdbafd48cff12ddb53,2023-12-14T05:59:25.993000Z,divine_comedian#0,freshelle,"for posting a DAO Ops Season 2.5 proposal so quickly and providing context on the changes, and being attentive to details such as giving breakdown of costs. Mitch deserves so much praise for his leadership, for following through action items from the team, and for always facilitating the WG calls smoothly. He is leading the DAO Ops WG like a pro!",21,13,55,,,,False,False,False,whyldwanderer,karmaticacid,danibelle_the_uno_and_only,29.6666666666667,42
109,657a98aebafd48cff12dd949,2023-12-14T05:54:54.564000Z,nikolacreatrix#0,freshelle,"for all her efforts on research work on DAO health check, going through lots of data from self-review responses on how Giveth can do better as an organization. This is a tedious work and you're doing a great job so far!",55,13,21,,,,False,False,False,whyldwanderer,karmaticacid,hanners717,29.6666666666667,42
125,657ac7dabafd48cff12ded21,2023-12-14T09:16:10.470000Z,karmaticacid#0,snakey_jakey.,as she continues to chip away at getting towards mutli QF rounds at the same damn time!,21,55,13,,,,False,False,False,whyldwanderer,nikola_creatrix,hanners717,29.6666666666667,42
65,65735a39bafd48cff12798db,2023-12-08T18:02:33.424000Z,oyealmond#0,hanners717#0,"big Praise to Almond. She has put in so much extra work into reviewing marketing candidates. She is all over the Recruitee notes with her ideas, opinions, and perspectives. She's so proactive, engaged and punctual, which is gunna help us find the best marketing fit.",55,34,13,,,,False,False,False,whyldwanderer,nikola_creatrix,danibelle_the_uno_and_only,34.0,42
96,65785f35bafd48cff12b2cbc,2023-12-12T13:25:09.792000Z,giantkin#0,karmaticacid#0,for being such a dilligent discord mod & keeping all the spam & scammers at bay all the time!,55,55,13,,,,False,False,False,whyldwanderer,nikola_creatrix,danibelle_the_uno_and_only,41.0,42
163,657c91cb3466e728f29c1455,2023-12-15T17:50:03.307000Z,Maryjaf#2478,divine_comedian#0,"for their absolutely constant work on finish up the multisig integration, working straight through the day testing, fixing & testing again - they have been going non-stop all week and finally almost all of the issue are resolved and we are so close to finishing!",55,21,13,,,,False,False,False,whyldwanderer,nikola_creatrix,danibelle_the_uno_and_only,29.6666666666667,42
5,6569a310610ffa10d15b90e2,2023-12-01T09:10:40.198000Z,griffgreen#0,Maryjaf#2478,for making the GivConnect possible and  being  awesome leader,21,55,34,,,,False,False,False,whyldwanderer,karmaticacid,hanners717,36.6666666666667,34
99,65788b6dbafd48cff12b4ecf,2023-12-12T16:33:49.869000Z,Tosin#8012,hanners717#0,for being the best swim students ever! Helping you both learn more about swimming was one of the highlights of my GivConnect retreat ü•π,3,34,3,,,,False,False,False,whyldwanderer,nikola_creatrix,danibelle_the_uno_and_only,13.3333333333333,31
84,65735d13bafd48cff127a18d,2023-12-08T18:14:43.798000Z,hanners717#0,karmaticacid#0,for interviewing loads of candidaties for growth/marketing/comms and leaving super detailed notes and recommendations in recruitee. seeing this has really opened my eyes to all the work and attention that she puts into hiring that I feel like hides in the shadows. Amazing work!,3,34,21,,,,False,False,False,ramin,nikola_creatrix,danibelle_the_uno_and_only,19.3333333333333,31
11,656f603d610ffa10d1644a6f,2023-12-05T17:39:09.756000Z,moeshehab#0,mohammad_ranjbar_z#0,For their quick response and resolving storage problem,34,13,3,,,,False,False,False,whyldwanderer,nikola_creatrix,danibelle_the_uno_and_only,16.6666666666667,31
69,65735adcbafd48cff1279a84,2023-12-08T18:05:16.143000Z,divine_comedian#0,hanners717#0,"for all of their comments and opinions about our two upcoming forum proposals; the buddy system and PTO. Together, we are creating helpful policies and procedures to give contributors clarity around the Giveth Galaxy.",34,8,3,,,,False,False,False,whyldwanderer,karmaticacid,danibelle_the_uno_and_only,15.0,31
127,657ac855bafd48cff12deff1,2023-12-14T09:18:13.627000Z,whyldwanderer#0,snakey_jakey.,for all her hard work to push out GIVbacks after GIVbacks after GIVbacks. Making it rain GIVbacks lately...need a reinforced umbrella,3,21,34,,,,False,False,False,ramin,nikola_creatrix,danibelle_the_uno_and_only,19.3333333333333,31
26,6571df56bafd48cff12634bc,2023-12-07T15:05:58.976000Z,hanners717#0,nikolacreatrix#0,"for doing such great work in HR, prepping important forum posts, and creating important documentation, you guys make a really great team and you produce a lot of value to our org in the background, while nobody notices.:)",3,34,8,,,,False,False,False,ramin,nikola_creatrix,danibelle_the_uno_and_only,15.0,31
148,657bd077bafd48cff12ea8d4,2023-12-15T04:05:11.577000Z,refimedellin,reficolombia,For helping us learning about Giveth,3,34,21,,,,False,False,False,ramin,nikola_creatrix,danibelle_the_uno_and_only,19.3333333333333,31
165,657c91cb3466e728f29c1457,2023-12-15T17:50:03.307000Z,mateodazab#0,divine_comedian#0,"for their absolutely constant work on finish up the multisig integration, working straight through the day testing, fixing & testing again - they have been going non-stop all week and finally almost all of the issue are resolved and we are so close to finishing!",3,34,34,,,,False,False,False,ramin,nikola_creatrix,danibelle_the_uno_and_only,23.6666666666667,31
154,657c8cb73466e728f29c1016,2023-12-15T17:28:23.073000Z,cuidadopeligro#0,divine_comedian#0,for posting a short and efficient summary of the rewards WG in the forum to wrap-up the WG as it moves into DAO Ops,3,8,34,,,,False,False,False,ramin,nikola_creatrix,danibelle_the_uno_and_only,15.0,31
137,657ace85bafd48cff12dff79,2023-12-14T09:44:37.923000Z,greenbee9327,snakey_jakey.,for taking the Rodri QForcer page and turning it into a live host page. Going to make getting sponsors a lot easier,21,34,5,65716da9bafd48cff125a5d2,,,False,False,False,whyldwanderer,nikola_creatrix,danibelle_the_uno_and_only,13.0,29
52,6572a998bafd48cff127081f,2023-12-08T05:28:56.006000Z,greenbee9327,snakey_jakey.,"for their hard work thus far on the QF host page. Its going to be a great, easy and reliable tool to help with fundraising all these future rounds. üá∂ üá´ <:boost:1026905158317252699>",34,13,5,,,,False,False,False,whyldwanderer,nikola_creatrix,danibelle_the_uno_and_only,17.3333333333333,29
39,65721001bafd48cff1268c14,2023-12-07T18:33:37.364000Z,Amin#2164,karmaticacid#0,for cooridnating to fix a critical bug - users were not able to unlock their GIVpower for months when they should have been able to!! I'm so glad we addresse this today,5,21,34,,,,False,False,False,ramin,nikola_creatrix,hanners717,20.0,29
19,65707704bafd48cff123cf94,2023-12-06T13:28:36.152000Z,mohammad_ranjbar_z#0,greenbee9327,"for his positive attitude for PR review comments and openness to improvement. In no time, he followed up on the comments and got the PR ready to merge. great work!!",34,21,5,,,,False,False,False,whyldwanderer,nikola_creatrix,danibelle_the_uno_and_only,20.0,29
18,65705e60bafd48cff123916c,2023-12-06T11:43:28.340000Z,moeshehab#0,geleeroyale,for quickly reacting on dev support,34,8,5,656f603d610ffa10d1644a6f,,,False,False,False,whyldwanderer,nikola_creatrix,danibelle_the_uno_and_only,4.33333333333333,29
71,65735b2dbafd48cff1279c28,2023-12-08T18:06:37.420000Z,mohammad_ranjbar_z#0,hanners717#0,for his high vibes and color coordination. You bring so much light and fun to wherever you go!,5,34,5,,,,False,False,False,whyldwanderer,nikola_creatrix,danibelle_the_uno_and_only,14.6666666666667,29
160,657c91923466e728f29c1338,2023-12-15T17:49:06.408000Z,alireza7612#0,divine_comedian#0,"for their great progress on the superfluid integration, asking questions to different experts, experimenting with the SDKs & protocol. It is a complex feature and they are getting through the issues & building something really cool",34,13,5,,,,False,False,False,whyldwanderer,nikola_creatrix,danibelle_the_uno_and_only,17.3333333333333,29
164,657c91cb3466e728f29c1456,2023-12-15T17:50:03.307000Z,carlos096,divine_comedian#0,"for their absolutely constant work on finish up the multisig integration, working straight through the day testing, fixing & testing again - they have been going non-stop all week and finally almost all of the issue are resolved and we are so close to finishing!",5,21,34,,,,False,False,False,ramin,karmaticacid,hanners717,20.0,29
25,6571df56bafd48cff12634bb,2023-12-07T15:05:58.976000Z,NicoBals#2154,nikolacreatrix#0,"for doing such great work in HR, prepping important forum posts, and creating important documentation, you guys make a really great team and you produce a lot of value to our org in the background, while nobody notices.:)",21,34,8,,,,False,False,False,whyldwanderer,nikola_creatrix,danibelle_the_uno_and_only,21.0,26
57,6572aa2ebafd48cff1270ac8,2023-12-08T05:31:26.648000Z,griffgreen#0,snakey_jakey.,for their fast and specialized ENS small grant outreach work this week. Their efforts should be paying off in next 24 hours with multiple galaxy projects making the top ten! üíØ ‚è±Ô∏è,34,8,21,,,,False,False,False,whyldwanderer,karmaticacid,hanners717,21.0,26
129,657acd22bafd48cff12df723,2023-12-14T09:38:42.009000Z,divine_comedian#0,snakey_jakey.,aka The Merger Mitch for pushing all of the galaxy to get involved and share their voice. Vote or Die!,34,13,8,,,,False,False,False,whyldwanderer,karmaticacid,danibelle_the_uno_and_only,18.3333333333333,26
38,65721001bafd48cff1268c16,2023-12-07T18:33:37.364000Z,moeshehab#0,karmaticacid#0,for cooridnating to fix a critical bug - users were not able to unlock their GIVpower for months when they should have been able to!! I'm so glad we addresse this today,34,21,8,,,,False,False,False,whyldwanderer,nikola_creatrix,danibelle_the_uno_and_only,21.0,26
12,656f603d610ffa10d1644a6e,2023-12-05T17:39:09.756000Z,geleeroyale,mohammad_ranjbar_z#0,For their quick response and resolving storage problem,34,13,8,,,,False,False,False,whyldwanderer,nikola_creatrix,danibelle_the_uno_and_only,18.3333333333333,26
59,6572aab4bafd48cff1270ba4,2023-12-08T05:33:40.591000Z,rodricast#0,snakey_jakey.,for the amazing QF figma that turned out exactly how we wanted it. A thing of beauty üíì,8,34,13,,65720f4bbafd48cff12687d3,,False,False,False,whyldwanderer,nikola_creatrix,danibelle_the_uno_and_only,7.0,26
50,6572a998bafd48cff127081d,2023-12-08T05:28:56.005000Z,karmaticacid#0,snakey_jakey.,"for their hard work thus far on the QF host page. Its going to be a great, easy and reliable tool to help with fundraising all these future rounds. üá∂ üá´ <:boost:1026905158317252699>",21,13,34,,,6572ab23bafd48cff1270d46,False,False,False,whyldwanderer,nikola_creatrix,hanners717,11.3333333333333,21
131,657ace18bafd48cff12dfcb0,2023-12-14T09:42:48.369000Z,karmaticacid#0,snakey_jakey.,for jumping on the QF holiday round sponsorship outreach,34,13,13,,,657ac7dabafd48cff12ded21,False,False,False,whyldwanderer,nikola_creatrix,hanners717,15.6666666666667,21
166,657c9eec3466e728f29c18c8,2023-12-15T18:46:04.217000Z,NicoBals#2154,nikolacreatrix#0,"for his amazing and diligent work around the buddy system - making sure people get enough feedback, being on top of the buddy management and overall just always bringing nice, warm and supportive energy...way better than any buddy bot. ;)",21,34,13,,,,False,False,False,whyldwanderer,nikola_creatrix,danibelle_the_uno_and_only,22.6666666666667,21
85,65735e75bafd48cff127a4e2,2023-12-08T18:20:37.094000Z,divine_comedian#0,karmaticacid#0,"for being a great buddy AND giving me really great critical feedback so that I can improve as a leader, and as a human. mitch has a soft carmel melty heart and I'm sooo grateful to have his love & support while he gives his ALL to supporting Giveth with soo much love ü´ï",34,21,13,,,,False,False,False,whyldwanderer,karmaticacid,danibelle_the_uno_and_only,22.6666666666667,21
161,657c91923466e728f29c1339,2023-12-15T17:49:06.409000Z,_cherik#0,divine_comedian#0,"for their great progress on the superfluid integration, asking questions to different experts, experimenting with the SDKs & protocol. It is a complex feature and they are getting through the issues & building something really cool",34,13,21,,,,False,False,False,whyldwanderer,karmaticacid,danibelle_the_uno_and_only,22.6666666666667,21
21,65716fe8bafd48cff125a6a9,2023-12-07T07:10:32.392000Z,missgene#0,freshelle,for all the support on giving me crucial details needed to liquidate and summarize all the Retreat/Devconnect expenses,34,13,34,,,,False,False,False,whyldwanderer,nikola_creatrix,danibelle_the_uno_and_only,27.0,21
22,65716fe8bafd48cff125a6a8,2023-12-07T07:10:32.392000Z,NicoBals#2154,freshelle,for all the support on giving me crucial details needed to liquidate and summarize all the Retreat/Devconnect expenses,34,13,21,,,,False,False,False,whyldwanderer,nikola_creatrix,danibelle_the_uno_and_only,22.6666666666667,21
23,6571dc90bafd48cff12631dd,2023-12-07T14:54:08.994000Z,freshelle,nikolacreatrix#0,"for making such sweet and helpful loom videos on different guides for clockify, its really making a huge difference in the process for us contributor!",34,13,13,,,,False,False,False,whyldwanderer,nikola_creatrix,danibelle_the_uno_and_only,20.0,21
145,657b92f7bafd48cff12e8c5c,2023-12-14T23:42:47.533000Z,freshelle,hanners717#0,for leading the wallet safety content and town hall for all of our contributors. Making sure their assets stay safe and providing educaion on good wallet hygiene!,34,13,13,,,,False,False,False,whyldwanderer,nikola_creatrix,danibelle_the_uno_and_only,20.0,21
14,656f6781610ffa10d1648124,2023-12-05T18:10:09.209000Z,karmaticacid#0,Anamarija#6349,"for their incredible support and prompt response to my concerns about RetroPGF Community not reaching quorum. They've been absolute rockstars, whipping up fantastic content in record time to promote RetroPGF Community! üôå",13,34,34,,,,False,False,False,whyldwanderer,nikola_creatrix,hanners717,27.0,21
29,65720f4bbafd48cff12687d3,2023-12-07T18:30:35.046000Z,rodricast#0,karmaticacid#0,"for the beautiful giving season banner w/ givers, presents + more",34,34,13,,,,False,False,False,whyldwanderer,nikola_creatrix,danibelle_the_uno_and_only,27.0,21
34,65720fb6bafd48cff1268afa,2023-12-07T18:32:22.249000Z,griffgreen#0,karmaticacid#0,for all the coordination going into getting out giving seaosn matching funds in USDGLO while paying the minimum fees possible,21,13,34,,,,False,False,False,whyldwanderer,karmaticacid,hanners717,22.6666666666667,21
6,656a2503610ffa10d15c2395,2023-12-01T18:25:07.472000Z,griffgreen#0,Juankbell#7458,"For supporting me since day one, and still doing it until this day. I am very grateful for your trust and for all the opportunities and doors you've helped me come across to make a positive impact on the space.",13,21,34,,,,False,False,False,whyldwanderer,karmaticacid,hanners717,22.6666666666667,21
16,656f9565610ffa10d164d6e5,2023-12-05T21:25:57.188000Z,mohammad_ranjbar_z#0,karmaticacid#0,"for quick times making it so that matching funds are shown on the stats dashboard, so we can show our true donation stats just before retro PGF closes. AMAZING work!",21,34,13,,,,False,False,False,whyldwanderer,nikola_creatrix,danibelle_the_uno_and_only,22.6666666666667,21
92,65785f23bafd48cff12b2bc7,2023-12-12T13:24:51.045000Z,parrachia#0,karmaticacid#0,"for making the Giveth house a real Giveth home. Being there with all you, I feel so taken care of, so supported & so loved... from being fed, to workouts, to hugs, to support picking up packages etc... it makes working & life soo sweet",1,5,21,,,,False,False,False,ramin,karmaticacid,hanners717,9.0,20
94,65785f23bafd48cff12b2bca,2023-12-12T13:24:51.045000Z,cuidadopeligro#0,karmaticacid#0,"for making the Giveth house a real Giveth home. Being there with all you, I feel so taken care of, so supported & so loved... from being fed, to workouts, to hugs, to support picking up packages etc... it makes working & life soo sweet",3,21,13,,,,False,False,False,ramin,nikola_creatrix,danibelle_the_uno_and_only,12.3333333333333,18
159,657c91373466e728f29c1212,2023-12-15T17:47:35.190000Z,oyealmond#0,divine_comedian#0,for all the discussion and coordination around hiring new contributors to improve Giveth's marketing & strategy growth goals,21,13,3,657b9265bafd48cff12e8ad8,657b9265bafd48cff12e8ad8,,False,False,False,whyldwanderer,nikola_creatrix,danibelle_the_uno_and_only,1.0,18
91,65785f23bafd48cff12b2bc6,2023-12-12T13:24:51.044000Z,zeptimusq#0,karmaticacid#0,"for making the Giveth house a real Giveth home. Being there with all you, I feel so taken care of, so supported & so loved... from being fed, to workouts, to hugs, to support picking up packages etc... it makes working & life soo sweet",3,21,21,,,,False,False,False,ramin,nikola_creatrix,hanners717,15.0,18
98,65788b6dbafd48cff12b4ece,2023-12-12T16:33:49.869000Z,ramramez#0,hanners717#0,for being the best swim students ever! Helping you both learn more about swimming was one of the highlights of my GivConnect retreat ü•π,5,21,3,,,,False,False,False,whyldwanderer,nikola_creatrix,danibelle_the_uno_and_only,9.66666666666667,18
77,65735c1fbafd48cff1279dfb,2023-12-08T18:10:39.901000Z,cuidadopeligro#0,hanners717#0,"for our DAO Ops calls two weeks in a row. Since the retreat, we've made a lot of headway on writing new forum posts, policy, and DAO structuring within working groups. Thanks so much for showing up and being very involved. It's a pleasure to work with you all.",3,21,3,,,,False,False,False,ramin,nikola_creatrix,danibelle_the_uno_and_only,9.0,18
158,657c91373466e728f29c120f,2023-12-15T17:47:35.190000Z,aabugosh,divine_comedian#0,for all the discussion and coordination around hiring new contributors to improve Giveth's marketing & strategy growth goals,3,13,21,,,,False,False,False,ramin,nikola_creatrix,hanners717,12.3333333333333,18
155,657c8cd13466e728f29c10f6,2023-12-15T17:28:49.826000Z,aabugosh,divine_comedian#0,for contributing to the Giveth <> Gm Merger discussion with some great thoughts on what we should prioritize in our plan,3,13,21,,,,False,False,False,ramin,nikola_creatrix,hanners717,12.3333333333333,18
104,657a13e1bafd48cff12d25a2,2023-12-13T20:28:17.997000Z,whyldwanderer#0,aabugosh,For working with me to get the PCRF project verified and helping figure out better ways to onboard larger non-profits,3,21,3,,,,False,False,False,ramin,nikola_creatrix,danibelle_the_uno_and_only,9.0,18
133,657ace18bafd48cff12dfcb2,2023-12-14T09:42:48.369000Z,brichis,snakey_jakey.,for jumping on the QF holiday round sponsorship outreach,21,3,5,,,,False,False,False,whyldwanderer,karmaticacid,danibelle_the_uno_and_only,9.66666666666667,18
134,657ace18bafd48cff12dfcb3,2023-12-14T09:42:48.369000Z,surbhiaroraa.eth,snakey_jakey.,for jumping on the QF holiday round sponsorship outreach,21,21,3,,,,False,False,False,whyldwanderer,nikola_creatrix,danibelle_the_uno_and_only,15.0,18
61,6572aaedbafd48cff1270c7c,2023-12-08T05:34:37.020000Z,NicoBals#2154,snakey_jakey.,for really having our backs and being super responsive. Their recent initiative to protect our wallets is a thing of pure hearted kindness. Much love üíú <:GIV:923418911511281715>,13,21,3,,,,False,False,False,whyldwanderer,nikola_creatrix,danibelle_the_uno_and_only,12.3333333333333,18
58,6572aa2ebafd48cff1270ac9,2023-12-08T05:31:26.648000Z,iviangita#0,snakey_jakey.,for their fast and specialized ENS small grant outreach work this week. Their efforts should be paying off in next 24 hours with multiple galaxy projects making the top ten! üíØ ‚è±Ô∏è,3,21,5,,,,False,False,False,ramin,nikola_creatrix,danibelle_the_uno_and_only,9.66666666666667,18
31,65720f84bafd48cff126895f,2023-12-07T18:31:32.599000Z,whyldwanderer#0,karmaticacid#0,"for helping to curate projects for our ggivng season QF round, manning the spreadsheets & setting up the round in admin bro",3,21,13,,,,False,False,False,ramin,nikola_creatrix,danibelle_the_uno_and_only,12.3333333333333,18
33,65720fb6bafd48cff1268afb,2023-12-07T18:32:22.249000Z,danidiabella#0,karmaticacid#0,for all the coordination going into getting out giving seaosn matching funds in USDGLO while paying the minimum fees possible,3,13,21,,,,False,False,False,ramin,nikola_creatrix,hanners717,12.3333333333333,18
36,65721001bafd48cff1268c15,2023-12-07T18:33:37.364000Z,whyldwanderer#0,karmaticacid#0,for cooridnating to fix a critical bug - users were not able to unlock their GIVpower for months when they should have been able to!! I'm so glad we addresse this today,3,21,5,,,,False,False,False,ramin,nikola_creatrix,danibelle_the_uno_and_only,9.66666666666667,18
132,657ace18bafd48cff12dfcb1,2023-12-14T09:42:48.369000Z,missgene#0,snakey_jakey.,for jumping on the QF holiday round sponsorship outreach,21,13,3,,,,False,False,False,whyldwanderer,nikola_creatrix,danibelle_the_uno_and_only,12.3333333333333,18
152,657c78913466e728f29bf044,2023-12-15T16:02:25.412000Z,juancamp1987,refimedellin,for the Jokerace application,3,21,13,,,,False,False,False,whyldwanderer,nikola_creatrix,hanners717,12.3333333333333,18
106,657a96febafd48cff12dd794,2023-12-14T05:47:42.291000Z,NicoBals#2154,freshelle,for preparing a forum draft on Buddy Review guidelines and how to be an effective buddy. This will be really helpful to put clarity on some commonly asked questions!,21,8,5,,,,False,False,False,whyldwanderer,nikola_creatrix,danibelle_the_uno_and_only,11.3333333333333,16
101,6579a1e7bafd48cff12c20e4,2023-12-13T12:21:59.077000Z,moeshehab#0,geleeroyale,for restarting the givpower bot.,21,21,5,,65721001bafd48cff1268c16,,False,False,False,whyldwanderer,nikola_creatrix,danibelle_the_uno_and_only,8.66666666666667,16
126,657ac7fdbafd48cff12def29,2023-12-14T09:16:45.564000Z,griffgreen#0,snakey_jakey.,"for his ability to squeeze me in his crazy calendar, not once, not twice but 3 or 4 times a week. Make a grown man blush",5,13,21,,,,False,False,False,whyldwanderer,karmaticacid,hanners717,13.0,16
139,657ace85bafd48cff12dff77,2023-12-14T09:44:37.923000Z,_cherik#0,snakey_jakey.,for taking the Rodri QForcer page and turning it into a live host page. Going to make getting sponsors a lot easier,21,8,5,,,,False,False,False,whyldwanderer,karmaticacid,danibelle_the_uno_and_only,11.3333333333333,16
135,657ace85bafd48cff12dff75,2023-12-14T09:44:37.922000Z,Maryjaf#2478,snakey_jakey.,for taking the Rodri QForcer page and turning it into a live host page. Going to make getting sponsors a lot easier,21,13,5,,,,False,False,False,whyldwanderer,nikola_creatrix,danibelle_the_uno_and_only,13.0,16
83,65735cecbafd48cff127a0c3,2023-12-08T18:14:04.843000Z,nikolacreatrix#0,hanners717#0,"for our trial period review call yesterday. It's been wonderful working together, doing the hard stuff, and I'm so excited to see what comes next! Always here to offer support.",21,5,13,,,,False,False,False,whyldwanderer,karmaticacid,hanners717,13.0,16
48,6572a957bafd48cff12705dd,2023-12-08T05:27:51.513000Z,griffgreen#0,snakey_jakey.,for all his dedication to our 1:1 calls each week. He has so much going on that he could cancel or skip them for any one of his valid reasons but he always makes me feel like I am the #1 priority üéÖüèª,5,21,21,,,,False,False,False,whyldwanderer,karmaticacid,hanners717,15.6666666666667,16
53,6572a9cbbafd48cff1270903,2023-12-08T05:29:47.037000Z,brichis,snakey_jakey.,"for taking over the Giveth fundraising as the POC for all our grants. She is doing a great job and even this week submitted our most recent hopeful, Tron! ü™´",21,5,8,,,,False,False,False,whyldwanderer,karmaticacid,danibelle_the_uno_and_only,11.3333333333333,16
78,65735c7abafd48cff1279f11,2023-12-08T18:12:10.634000Z,oyealmond#0,hanners717#0,for all of their comments and ideas around finding the best marketing and growth lead for Giveth. Your concern and passion about finding the best fit is clear and I appreciate all of the input. We can do this!,13,21,5,,,,False,False,False,whyldwanderer,nikola_creatrix,danibelle_the_uno_and_only,13.0,16
55,6572a9f5bafd48cff12709d8,2023-12-08T05:30:29.309000Z,carlos096,snakey_jakey.,for being part of the enDAOment integration team with me. They are working hard to find a stronger project partner for Giveth and we might have some really great news to share in the next week <:GIVETH:923641348798693416>,5,8,21,,,,False,False,False,ramin,karmaticacid,hanners717,11.3333333333333,16
7,656d8396610ffa10d15f3e5b,2023-12-04T07:45:26.721000Z,freshelle,ramramez#0,guiding me with Turkey hours charing in clockify,21,8,5,,,,False,False,False,whyldwanderer,nikola_creatrix,danibelle_the_uno_and_only,11.3333333333333,16
73,65735c1fbafd48cff1279df9,2023-12-08T18:10:39.901000Z,freshelle,hanners717#0,"for our DAO Ops calls two weeks in a row. Since the retreat, we've made a lot of headway on writing new forum posts, policy, and DAO structuring within working groups. Thanks so much for showing up and being very involved. It's a pleasure to work with you all.",5,21,5,,,,False,False,False,whyldwanderer,nikola_creatrix,danibelle_the_uno_and_only,10.3333333333333,16
75,65735c1fbafd48cff1279dfc,2023-12-08T18:10:39.901000Z,nikolacreatrix#0,hanners717#0,"for our DAO Ops calls two weeks in a row. Since the retreat, we've made a lot of headway on writing new forum posts, policy, and DAO structuring within working groups. Thanks so much for showing up and being very involved. It's a pleasure to work with you all.",5,5,21,,,,False,False,False,whyldwanderer,karmaticacid,hanners717,10.3333333333333,16
20,65716da9bafd48cff125a5d2,2023-12-07T07:00:57.394000Z,greenbee9327,mohammad_ranjbar_z#0,For reviewing PRs and her useful feedbacks on them,21,8,5,,,,False,False,False,whyldwanderer,nikola_creatrix,danibelle_the_uno_and_only,11.3333333333333,16
60,6572aaedbafd48cff1270c7b,2023-12-08T05:34:37.019000Z,freshelle,snakey_jakey.,for really having our backs and being super responsive. Their recent initiative to protect our wallets is a thing of pure hearted kindness. Much love üíú <:GIV:923418911511281715>,13,21,8,,,,False,False,False,whyldwanderer,nikola_creatrix,danibelle_the_uno_and_only,14.0,13
103,6579c83fbafd48cff12c7730,2023-12-13T15:05:35.349000Z,brichis,karmaticacid#0,for the great funding request draft to submit to public nouns to get matching fund sponsorships for the giving season QF round. you took all the feedback and really beefed up the proposal a lot - it's great!,21,8,13,,,,False,False,False,whyldwanderer,karmaticacid,danibelle_the_uno_and_only,14.0,13
66,65735a81bafd48cff127999f,2023-12-08T18:03:45.949000Z,NicoBals#2154,hanners717#0,"for being so helpful in writing the rough drafts for two forum proposals this week, for the Buddy System and PTO. Working together really helps stir up the creativity and the momentum of the work!",21,13,8,,,,False,False,False,whyldwanderer,nikola_creatrix,danibelle_the_uno_and_only,14.0,13
108,657a9835bafd48cff12dd874,2023-12-14T05:52:53.412000Z,NicoBals#2154,freshelle,for drafting a forum post about PTO notice period. It's a great opportunity as well to share and streamline the process of giving notice for time offs and the steps needed,21,8,13,,,,False,False,False,whyldwanderer,nikola_creatrix,danibelle_the_uno_and_only,14.0,13
62,6572ab23bafd48cff1270d46,2023-12-08T05:35:31.708000Z,karmaticacid#0,snakey_jakey.,"again and again for being our Queen Forcer, staying on top of all these moving parts and in/out DAOs/orgs for this thing. Love seeing her hands / mind at work for QF <:MitchBlur:1148991292546744380>",21,21,34,,,,False,False,False,whyldwanderer,nikola_creatrix,hanners717,25.3333333333333,13
144,657b92acbafd48cff12e8b9c,2023-12-14T23:41:32.706000Z,karmaticacid#0,hanners717#0,"for reviewing marketing candidates, adding notes/opinions, and being active in the group chats. All your help and consultation makes the process so much efficient!",34,21,21,,,,False,False,False,whyldwanderer,nikola_creatrix,hanners717,25.3333333333333,13
156,657c91373466e728f29c1210,2023-12-15T17:47:35.190000Z,karmaticacid#0,divine_comedian#0,for all the discussion and coordination around hiring new contributors to improve Giveth's marketing & strategy growth goals,8,13,21,,,,False,False,False,whyldwanderer,nikola_creatrix,hanners717,14.0,13
30,65720f6dbafd48cff126889c,2023-12-07T18:31:09.081000Z,oyealmond#0,karmaticacid#0,"for the excellent work drafting emails, tweets & a notion guide to coorespon to our seasons giving QF round. epic content creatio skills and so fast!",21,21,8,,,,False,False,False,whyldwanderer,nikola_creatrix,danibelle_the_uno_and_only,16.6666666666667,13
32,65720f99bafd48cff1268a21,2023-12-07T18:31:53.160000Z,mohammad_ranjbar_z#0,karmaticacid#0,for helping me quick quick query our data base & get emails for a bunch of givier holders,21,13,8,,,,False,False,False,whyldwanderer,nikola_creatrix,danibelle_the_uno_and_only,14.0,13
37,65721001bafd48cff1268c13,2023-12-07T18:33:37.364000Z,geleeroyale,karmaticacid#0,for cooridnating to fix a critical bug - users were not able to unlock their GIVpower for months when they should have been able to!! I'm so glad we addresse this today,34,21,21,,,,False,False,False,whyldwanderer,nikola_creatrix,danibelle_the_uno_and_only,25.3333333333333,13
130,657acdbebafd48cff12dfa33,2023-12-14T09:41:18.541000Z,rodricast#0,snakey_jakey.,for finishing up an amazing QF PDF flyer,21,13,8,,,,False,False,False,whyldwanderer,nikola_creatrix,danibelle_the_uno_and_only,14.0,13
102,6579b413bafd48cff12c3b2e,2023-12-13T13:39:31.366000Z,moeshehab#0,rolazo,be aware and solving givpower bots,21,21,8,6579a1e7bafd48cff12c20e4,65721001bafd48cff1268c16,,False,False,False,whyldwanderer,nikola_creatrix,danibelle_the_uno_and_only,2.66666666666667,13
15,656f6781610ffa10d1648125,2023-12-05T18:10:09.211000Z,oyealmond#0,Anamarija#6349,"for their incredible support and prompt response to my concerns about RetroPGF Community not reaching quorum. They've been absolute rockstars, whipping up fantastic content in record time to promote RetroPGF Community! üôå",21,21,8,,,,False,False,False,whyldwanderer,nikola_creatrix,danibelle_the_uno_and_only,16.6666666666667,13
97,65785f71bafd48cff12b2d7e,2023-12-12T13:26:09.212000Z,karmaticacid#0,giantkin#0,"Fast reporting and initial reaction to spammer, and giving me background on it.",8,21,13,,,,False,False,False,whyldwanderer,nikola_creatrix,hanners717,14.0,13
72,65735bbbbafd48cff1279cec,2023-12-08T18:08:59.854000Z,nikolacreatrix#0,hanners717#0,"for getting more involved in HR tasks, and taking an interest in doing the hard stuff. It's wonderful to bring more compassion to HR, to create a person-centered organization.",21,34,21,,,,False,False,False,whyldwanderer,karmaticacid,hanners717,25.3333333333333,13
95,65785f23bafd48cff12b2bc8,2023-12-12T13:24:51.045000Z,griffgreen#0,karmaticacid#0,"for making the Giveth house a real Giveth home. Being there with all you, I feel so taken care of, so supported & so loved... from being fed, to workouts, to hugs, to support picking up packages etc... it makes working & life soo sweet",8,13,21,,,,False,False,False,whyldwanderer,karmaticacid,hanners717,14.0,13
93,65785f23bafd48cff12b2bc9,2023-12-12T13:24:51.045000Z,"sem(üå∏,üêù)#0161",karmaticacid#0,"for making the Giveth house a real Giveth home. Being there with all you, I feel so taken care of, so supported & so loved... from being fed, to workouts, to hugs, to support picking up packages etc... it makes working & life soo sweet",8,21,13,,,,False,False,False,whyldwanderer,nikola_creatrix,danibelle_the_uno_and_only,14.0,13
162,657c91923466e728f29c133a,2023-12-15T17:49:06.409000Z,mohammad_ranjbar_z#0,divine_comedian#0,"for their great progress on the superfluid integration, asking questions to different experts, experimenting with the SDKs & protocol. It is a complex feature and they are getting through the issues & building something really cool",21,34,34,,,,False,False,False,whyldwanderer,nikola_creatrix,danibelle_the_uno_and_only,29.6666666666667,13
117,657ac76abafd48cff12dea4b,2023-12-14T09:14:18.684000Z,parrachia#0,snakey_jakey.,"for joining the Fundraising call this week. Its always a pleasure hacking with you during that hour and really have enjoyed my time with you all, but some positive changes are in the works now :)",1,3,13,,,,False,False,False,ramin,karmaticacid,hanners717,5.66666666666667,12
43,6572a923bafd48cff12704c7,2023-12-08T05:26:59.090000Z,parrachia#0,snakey_jakey.,"for being instrumental instruments for the fundraising team. Without any of you, we would not have the successes that we have had. üé∑ üé∏ ü™á üéπ üé∫ üéª",1,3,13,,,,False,False,False,ramin,karmaticacid,hanners717,5.66666666666667,12
157,657c91373466e728f29c1211,2023-12-15T17:47:35.190000Z,hanners717#0,divine_comedian#0,for all the discussion and coordination around hiring new contributors to improve Giveth's marketing & strategy growth goals,3,13,5,,,,False,False,False,ramin,nikola_creatrix,danibelle_the_uno_and_only,7.0,10
82,65735cecbafd48cff127a0c2,2023-12-08T18:14:04.843000Z,MAYE#1208,hanners717#0,"for our trial period review call yesterday. It's been wonderful working together, doing the hard stuff, and I'm so excited to see what comes next! Always here to offer support.",3,13,8,,,,False,False,False,ramin,nikola_creatrix,danibelle_the_uno_and_only,8.0,10
2,6569a1f4610ffa10d15b8a32,2023-12-01T09:05:56.242000Z,mohammad_ranjbar_z#0,Maryjaf#2478,for being great hackathon teammate,3,13,3,,,,False,False,False,whyldwanderer,nikola_creatrix,danibelle_the_uno_and_only,6.33333333333333,10
3,6569a1f4610ffa10d15b8a33,2023-12-01T09:05:56.242000Z,Tosin#8012,Maryjaf#2478,for being great hackathon teammate,3,13,3,,,,False,False,False,whyldwanderer,nikola_creatrix,danibelle_the_uno_and_only,6.33333333333333,10
54,6572a9f5bafd48cff12709d9,2023-12-08T05:30:29.309000Z,whyldwanderer#0,snakey_jakey.,for being part of the enDAOment integration team with me. They are working hard to find a stronger project partner for Giveth and we might have some really great news to share in the next week <:GIVETH:923641348798693416>,3,13,5,,,,False,False,False,ramin,nikola_creatrix,danibelle_the_uno_and_only,7.0,10
87,6573661abafd48cff127ab1b,2023-12-08T18:53:14.986000Z,cuidadopeligro#0,hanners717#0,"for looking over WG budgets and contributor hours, making sure we stay on target with our DAO proposals and that we don‚Äôt over spend.",3,13,5,,,,False,False,False,ramin,nikola_creatrix,danibelle_the_uno_and_only,7.0,10
88,65736646bafd48cff127abec,2023-12-08T18:53:58.176000Z,danidiabella#0,hanners717#0,"for clarifying her November hours, between the event planning and rewards group. The insight is so helpful!",3,8,13,,,,False,False,False,ramin,nikola_creatrix,hanners717,8.0,10
120,657ac76abafd48cff12dea50,2023-12-14T09:14:18.685000Z,iviangita#0,snakey_jakey.,"for joining the Fundraising call this week. Its always a pleasure hacking with you during that hour and really have enjoyed my time with you all, but some positive changes are in the works now :)",3,13,3,,,,False,False,False,ramin,nikola_creatrix,danibelle_the_uno_and_only,6.33333333333333,10
123,657ac792bafd48cff12deb8e,2023-12-14T09:14:58.987000Z,whyldwanderer#0,snakey_jakey.,for the continued hard work with the potential enDAOment project partnership,3,13,8,,,,False,False,False,ramin,nikola_creatrix,danibelle_the_uno_and_only,8.0,10
27,6571dfb4bafd48cff126358e,2023-12-07T15:07:32.057000Z,hanners717#0,nikolacreatrix#0,for introducing me closer to the practices in HR so that I can grow and help a bit more in this area.,3,13,5,,,,False,False,False,ramin,nikola_creatrix,danibelle_the_uno_and_only,7.0,10
113,657ac76abafd48cff12dea4a,2023-12-14T09:14:18.684000Z,zeptimusq#0,snakey_jakey.,"for joining the Fundraising call this week. Its always a pleasure hacking with you during that hour and really have enjoyed my time with you all, but some positive changes are in the works now :)",3,8,13,,,,False,False,False,ramin,nikola_creatrix,hanners717,8.0,10
74,65735c1fbafd48cff1279dfa,2023-12-08T18:10:39.901000Z,NicoBals#2154,hanners717#0,"for our DAO Ops calls two weeks in a row. Since the retreat, we've made a lot of headway on writing new forum posts, policy, and DAO structuring within working groups. Thanks so much for showing up and being very involved. It's a pleasure to work with you all.",5,13,3,,,,False,False,False,whyldwanderer,nikola_creatrix,danibelle_the_uno_and_only,7.0,10
107,657a9835bafd48cff12dd875,2023-12-14T05:52:53.412000Z,hanners717#0,freshelle,for drafting a forum post about PTO notice period. It's a great opportunity as well to share and streamline the process of giving notice for time offs and the steps needed,3,13,5,,,,False,False,False,ramin,nikola_creatrix,danibelle_the_uno_and_only,7.0,10
105,657a96febafd48cff12dd795,2023-12-14T05:47:42.291000Z,hanners717#0,freshelle,for preparing a forum draft on Buddy Review guidelines and how to be an effective buddy. This will be really helpful to put clarity on some commonly asked questions!,3,13,3,,,,False,False,False,ramin,nikola_creatrix,danibelle_the_uno_and_only,6.33333333333333,10
9,656dd4ff610ffa10d160a6a1,2023-12-04T13:32:47.886000Z,divine_comedian#0,griffgreen#0,For the help putting the Stewards call together today,13,5,3,,,,False,False,False,whyldwanderer,karmaticacid,danibelle_the_uno_and_only,7.0,10
147,657b9374bafd48cff12e8de4,2023-12-14T23:44:52.510000Z,NicoBals#2154,hanners717#0,for being on it with all of our internal HR announcements. It's such a pleasure to work with someone organized and reliable!,13,13,5,,,,False,False,False,whyldwanderer,nikola_creatrix,danibelle_the_uno_and_only,10.3333333333333,8
8,656d84fd610ffa10d15f3f1c,2023-12-04T07:51:25.736000Z,ramramez#0,freshelle,for the valuable feedback on retreat/devconnect clockify charging and suggested edits to make it less confusing for contributors. Thank you so much!!,13,13,5,,,,False,False,False,whyldwanderer,nikola_creatrix,danibelle_the_uno_and_only,10.3333333333333,8
149,657bd077bafd48cff12ea8d5,2023-12-15T04:05:11.578000Z,juancamp1987,reficolombia,For helping us learning about Giveth,21,21,13,,,,False,False,False,whyldwanderer,nikola_creatrix,hanners717,18.3333333333333,8
143,657b9265bafd48cff12e8ad8,2023-12-14T23:40:21.549000Z,oyealmond#0,hanners717#0,"for being so reliable and responsive during the hiring process. She is everywhere; editing job descriptions, setting milestones, doing peer interviews, and writing interviews notes. Thanks for being a great partner in crime.",21,13,21,,,,False,False,False,whyldwanderer,nikola_creatrix,danibelle_the_uno_and_only,18.3333333333333,8
24,6571dd81bafd48cff12632a0,2023-12-07T14:58:09.081000Z,divine_comedian#0,nikolacreatrix#0,"for creating a little policy notion hub! Since most of our policies are dispersed throughout the whole forum, now all I have to do is check this hub and save me bunch of time.:)",21,21,13,,,,False,False,False,whyldwanderer,karmaticacid,danibelle_the_uno_and_only,18.3333333333333,8
35,65721001bafd48cff1268c12,2023-12-07T18:33:37.363000Z,griffgreen#0,karmaticacid#0,for cooridnating to fix a critical bug - users were not able to unlock their GIVpower for months when they should have been able to!! I'm so glad we addresse this today,21,13,13,,,,False,False,False,whyldwanderer,karmaticacid,hanners717,15.6666666666667,8
17,656f9f79610ffa10d164dcca,2023-12-05T22:08:57.309000Z,divine_comedian#0,karmaticacid#0,for figuring out deform and helping me set it up so that Giver NFT holders can nominate projects in the Giving Season QF round,21,13,21,,,,False,False,False,whyldwanderer,karmaticacid,danibelle_the_uno_and_only,18.3333333333333,8
136,657ace85bafd48cff12dff76,2023-12-14T09:44:37.922000Z,ghmahdii,snakey_jakey.,for taking the Rodri QForcer page and turning it into a live host page. Going to make getting sponsors a lot easier,5,13,13,,,,False,False,False,ramin,nikola_creatrix,hanners717,10.3333333333333,8
42,6572a923bafd48cff12704c8,2023-12-08T05:26:59.090000Z,griffgreen#0,snakey_jakey.,"for being instrumental instruments for the fundraising team. Without any of you, we would not have the successes that we have had. üé∑ üé∏ ü™á üéπ üé∫ üéª",13,13,21,,,,False,False,False,whyldwanderer,karmaticacid,hanners717,15.6666666666667,8
13,656f606a610ffa10d1644b3f,2023-12-05T17:39:54.720000Z,mohammad_ranjbar_z#0,geleeroyale,for immediately asking for <@&955413501222977538> help with deployment problems,5,13,5,,,,False,False,False,whyldwanderer,nikola_creatrix,danibelle_the_uno_and_only,7.66666666666667,8
80,65735c7abafd48cff1279f10,2023-12-08T18:12:10.634000Z,karmaticacid#0,hanners717#0,for all of their comments and ideas around finding the best marketing and growth lead for Giveth. Your concern and passion about finding the best fit is clear and I appreciate all of the input. We can do this!,13,21,13,,,,False,False,False,whyldwanderer,nikola_creatrix,hanners717,15.6666666666667,8
100,6579a1a0bafd48cff12c2020,2023-12-13T12:20:48.547000Z,divine_comedian#0,giantkin#0,"For finding DEN, and revisiting the denbot setup to figure how to focus it, love it! makes it easy",13,8,5,,,,False,False,False,whyldwanderer,karmaticacid,danibelle_the_uno_and_only,8.66666666666667,8
51,6572a998bafd48cff127081c,2023-12-08T05:28:56.005000Z,ghmahdii,snakey_jakey.,"for their hard work thus far on the QF host page. Its going to be a great, easy and reliable tool to help with fundraising all these future rounds. üá∂ üá´ <:boost:1026905158317252699>",5,13,13,,,,False,False,False,ramin,nikola_creatrix,hanners717,10.3333333333333,8
128,657ac8fabafd48cff12df344,2023-12-14T09:20:58.990000Z,giantkin#0,snakey_jakey.,"for his steadiness with discord, no request goes unresearched and unfinished",21,13,13,,,,False,False,False,whyldwanderer,nikola_creatrix,danibelle_the_uno_and_only,15.6666666666667,8
79,65735c7abafd48cff1279f0f,2023-12-08T18:12:10.634000Z,divine_comedian#0,hanners717#0,for all of their comments and ideas around finding the best marketing and growth lead for Giveth. Your concern and passion about finding the best fit is clear and I appreciate all of the input. We can do this!,13,13,5,,,,False,False,False,whyldwanderer,karmaticacid,danibelle_the_uno_and_only,10.3333333333333,8
124,657ac7bfbafd48cff12dec5d,2023-12-14T09:15:43.450000Z,divine_comedian#0,snakey_jakey.,for his continued DApp wizardry. Getting closer and closer to finalizing SuperFluid & Solana,13,8,5,,,,False,False,False,whyldwanderer,karmaticacid,danibelle_the_uno_and_only,8.66666666666667,8
122,657ac792bafd48cff12deb8d,2023-12-14T09:14:58.987000Z,carlos096,snakey_jakey.,for the continued hard work with the potential enDAOment project partnership,5,8,13,,6572a9f5bafd48cff12709d8,,False,False,False,ramin,karmaticacid,hanners717,6.0,8
111,657a99f9bafd48cff12ddc18,2023-12-14T06:00:25.721000Z,NicoBals#2154,freshelle,for all the support he provided with Clockify time report concerns and for being so easy to work with!,21,13,21,,,,False,False,False,whyldwanderer,nikola_creatrix,danibelle_the_uno_and_only,18.3333333333333,8
68,65735adcbafd48cff1279a86,2023-12-08T18:05:16.143000Z,NicoBals#2154,hanners717#0,"for all of their comments and opinions about our two upcoming forum proposals; the buddy system and PTO. Together, we are creating helpful policies and procedures to give contributors clarity around the Giveth Galaxy.",13,21,13,,,,False,False,False,whyldwanderer,nikola_creatrix,danibelle_the_uno_and_only,15.6666666666667,8
90,65783102bafd48cff12b0c7b,2023-12-12T10:08:02.255000Z,divine_comedian#0,alireza7612#0,for great explanation of Allo Protocol on the Epic and related.,13,13,5,,,,False,False,False,whyldwanderer,karmaticacid,danibelle_the_uno_and_only,10.3333333333333,8
89,65781740bafd48cff12afb15,2023-12-12T08:18:08.266000Z,geleeroyale,moeshehab#0,For coming up in creative ways to double check our scripts. Love that a lot üî•,21,13,13,,,,False,False,False,whyldwanderer,nikola_creatrix,danibelle_the_uno_and_only,15.6666666666667,8
116,657ac76abafd48cff12dea4d,2023-12-14T09:14:18.684000Z,karmaticacid#0,snakey_jakey.,"for joining the Fundraising call this week. Its always a pleasure hacking with you during that hour and really have enjoyed my time with you all, but some positive changes are in the works now :)",5,8,13,,,,False,False,False,whyldwanderer,nikola_creatrix,hanners717,8.66666666666667,8
115,657ac76abafd48cff12dea4f,2023-12-14T09:14:18.684000Z,Juankbell#7458,snakey_jakey.,"for joining the Fundraising call this week. Its always a pleasure hacking with you during that hour and really have enjoyed my time with you all, but some positive changes are in the works now :)",5,8,13,,,,False,False,False,whyldwanderer,nikola_creatrix,hanners717,8.66666666666667,8
41,6572a923bafd48cff12704cd,2023-12-08T05:26:59.090000Z,brichis,snakey_jakey.,"for being instrumental instruments for the fundraising team. Without any of you, we would not have the successes that we have had. üé∑ üé∏ ü™á üéπ üé∫ üéª",8,3,5,,,,False,False,False,whyldwanderer,karmaticacid,danibelle_the_uno_and_only,5.33333333333333,5
67,65735adcbafd48cff1279a85,2023-12-08T18:05:16.143000Z,freshelle,hanners717#0,"for all of their comments and opinions about our two upcoming forum proposals; the buddy system and PTO. Together, we are creating helpful policies and procedures to give contributors clarity around the Giveth Galaxy.",13,13,8,,,,False,False,False,whyldwanderer,nikola_creatrix,danibelle_the_uno_and_only,11.3333333333333,5
10,656dd4ff610ffa10d160a6a2,2023-12-04T13:32:47.886000Z,karmaticacid#0,griffgreen#0,For the help putting the Stewards call together today,8,8,13,,,,False,False,False,whyldwanderer,nikola_creatrix,hanners717,9.66666666666667,5
70,65735b06bafd48cff1279b60,2023-12-08T18:05:58.520000Z,moenick,hanners717#0,for our IRL check-in. It was so nice to connect in person and really have a deep heart-to-heart. I care about immensely.,5,8,3,,,,False,False,False,ramin,karmaticacid,danibelle_the_uno_and_only,5.33333333333333,5
114,657ac76abafd48cff12dea4e,2023-12-14T09:14:18.684000Z,cotabe,snakey_jakey.,"for joining the Fundraising call this week. Its always a pleasure hacking with you during that hour and really have enjoyed my time with you all, but some positive changes are in the works now :)",3,8,3,,,,False,False,False,ramin,nikola_creatrix,danibelle_the_uno_and_only,4.66666666666667,5
4,6569a24c610ffa10d15b8b1b,2023-12-01T09:07:24.289000Z,divine_comedian#0,Maryjaf#2478,for  leading  hackathon team,3,8,5,6569a1f4610ffa10d15b8a30,,,False,False,False,whyldwanderer,karmaticacid,danibelle_the_uno_and_only,4.33333333333333,5
81,65735cb5bafd48cff1279feb,2023-12-08T18:13:09.514000Z,MAYE#1208,hanners717#0,for our IRL check-in in Istanbul. It's always so wonderful to connect with you. I love your energy and being around you.,3,8,3,,,,False,False,False,ramin,nikola_creatrix,danibelle_the_uno_and_only,4.66666666666667,5
140,657acea1bafd48cff12e0067,2023-12-14T09:45:05.548000Z,NicoBals#2154,snakey_jakey.,for being everywhere HR needs to be and adding a light personality to it always,13,13,8,,,,False,False,False,whyldwanderer,nikola_creatrix,danibelle_the_uno_and_only,11.3333333333333,5
28,65720f3dbafd48cff1268714,2023-12-07T18:30:21.730000Z,mateodazab#0,karmaticacid#0,"for getting the QF banner up for our giving season round super quick and hacky, just like I like it ;)",3,8,8,,,,False,False,False,ramin,nikola_creatrix,danibelle_the_uno_and_only,6.33333333333333,5
121,657ac76abafd48cff12dea52,2023-12-14T09:14:18.685000Z,brichis,snakey_jakey.,"for joining the Fundraising call this week. Its always a pleasure hacking with you during that hour and really have enjoyed my time with you all, but some positive changes are in the works now :)",5,1,3,,,,False,False,False,whyldwanderer,karmaticacid,danibelle_the_uno_and_only,3.0,4
76,65735c1fbafd48cff1279df8,2023-12-08T18:10:39.901000Z,divine_comedian#0,hanners717#0,"for our DAO Ops calls two weeks in a row. Since the retreat, we've made a lot of headway on writing new forum posts, policy, and DAO structuring within working groups. Thanks so much for showing up and being very involved. It's a pleasure to work with you all.",8,8,5,,,,False,False,False,whyldwanderer,karmaticacid,danibelle_the_uno_and_only,7.0,3
49,6572a998bafd48cff127081e,2023-12-08T05:28:56.005000Z,moenick,snakey_jakey.,"for their hard work thus far on the QF host page. Its going to be a great, easy and reliable tool to help with fundraising all these future rounds. üá∂ üá´ <:boost:1026905158317252699>",5,5,8,,,,False,False,False,ramin,karmaticacid,danibelle_the_uno_and_only,6.0,3
63,6572ace2bafd48cff1271585,2023-12-08T05:42:58.048000Z,divine_comedian#0,snakey_jakey.,"for his week after week DAppMan role. ""IM THE DAPPMAN...Ski-bi dibby dib yo da dub dub Yo da dub dub Ski-bi dibby dib yo da dub dub Yo da dub dub!""",5,8,5,,,,False,False,False,whyldwanderer,karmaticacid,danibelle_the_uno_and_only,6.0,3
112,657ac76abafd48cff12dea4c,2023-12-14T09:14:18.684000Z,griffgreen#0,snakey_jakey.,"for joining the Fundraising call this week. Its always a pleasure hacking with you during that hour and really have enjoyed my time with you all, but some positive changes are in the works now :)",5,5,8,,,,False,False,False,whyldwanderer,karmaticacid,hanners717,6.0,3
118,657ac76abafd48cff12dea51,2023-12-14T09:14:18.685000Z,missgene#0,snakey_jakey.,"for joining the Fundraising call this week. Its always a pleasure hacking with you during that hour and really have enjoyed my time with you all, but some positive changes are in the works now :)",5,8,8,,,,False,False,False,whyldwanderer,nikola_creatrix,danibelle_the_uno_and_only,7.0,3
119,657ac76abafd48cff12dea53,2023-12-14T09:14:18.685000Z,surbhiaroraa.eth,snakey_jakey.,"for joining the Fundraising call this week. Its always a pleasure hacking with you during that hour and really have enjoyed my time with you all, but some positive changes are in the works now :)",5,8,5,,,,False,False,False,whyldwanderer,nikola_creatrix,danibelle_the_uno_and_only,6.0,3
153,657c78a93466e728f29bf125,2023-12-15T16:02:49.637000Z,divine_comedian#0,refimedellin,For nominating us to the Givers Season <:GIVpower:1026905095356563567>,5,3,5,,,,False,False,False,whyldwanderer,karmaticacid,danibelle_the_uno_and_only,4.33333333333333,2
1,6569a1f4610ffa10d15b8a30,2023-12-01T09:05:56.242000Z,divine_comedian#0,Maryjaf#2478,for being great hackathon teammate,3,5,3,,,,False,False,False,whyldwanderer,karmaticacid,danibelle_the_uno_and_only,3.66666666666667,2
0,6569a1f4610ffa10d15b8a31,2023-12-01T09:05:56.242000Z,_cherik#0,Maryjaf#2478,for being great hackathon teammate,3,3,5,,,,False,False,False,whyldwanderer,karmaticacid,danibelle_the_uno_and_only,3.66666666666667,2
146,657b9340bafd48cff12e8d24,2023-12-14T23:44:00.173000Z,karmaticacid#0,hanners717#0,"for having fresh ideas on how to repurpose our internal content to help support project owners, ensuring we have the best project support!",21,21,21,,,,False,False,False,whyldwanderer,nikola_creatrix,hanners717,21.0,0
138,657ace85bafd48cff12dff78,2023-12-14T09:44:37.923000Z,moenick,snakey_jakey.,for taking the Rodri QForcer page and turning it into a live host page. Going to make getting sponsors a lot easier,5,5,5,,,,False,False,False,ramin,karmaticacid,danibelle_the_uno_and_only,5.0,0
